run_id,source_dataset,sensor_id,rows,duration_seconds,temperature_min_c,temperature_max_c,temperature_mean_c,temperature_std_c,largest_gap_seconds,missing_interval_count
EXT_BOLZANO_IEQ_BOLZANO_HOMECOACH_001_BOLZANO_IEQ_2023,BOLZANO_IEQ,BOLZANO_HOMECOACH,496,153600,17.7,21.1,19.798790322580647,0.6519809673923246,600.0,17
EXT_BOLZANO_IEQ_BOLZANO_HOMECOACH_001_BOLZANO_IEQ_2024,BOLZANO_IEQ,BOLZANO_HOMECOACH,438,138000,18.0,20.6,19.176027397260274,0.6171785256979729,600.0,23
EXT_BOLZANO_IEQ_BOLZANO_HOMECOACH_001_BOLZANO_IEQ_2025,BOLZANO_IEQ,BOLZANO_HOMECOACH,844,259500,17.0,21.9,18.826303317535547,1.1756293395528328,600.0,22
EXT_BOLZANO_IEQ_BOLZANO_HOMECOACH_001_BOLZANO_IEQ_2026,BOLZANO_IEQ,BOLZANO_HOMECOACH,13,3900,18.0,18.4,18.169230769230765,0.11357556200179497,600.0,1
EXT_BOLZANO_IEQ_BOLZANO_HOMECOACH_002_BOLZANO_IEQ_2023,BOLZANO_IEQ,BOLZANO_HOMECOACH,13,3900,19.2,19.3,19.2076923076923,0.026646935501060034,600.0,1
EXT_BOLZANO_IEQ_BOLZANO_HOMECOACH_002_BOLZANO_IEQ_2024,BOLZANO_IEQ,BOLZANO_HOMECOACH,177,54600,18.2,19.8,18.85141242937853,0.4828244753218341,600.0,6
EXT_BOLZANO_IEQ_BOLZANO_HOMECOACH_002_BOLZANO_IEQ_2025,BOLZANO_IEQ,BOLZANO_HOMECOACH,41,12900,17.9,18.3,18.075609756097563,0.126453477042105,600.0,3
EXT_BOLZANO_IEQ_BOLZANO_HOMECOACH_002_BOLZANO_IEQ_2026,BOLZANO_IEQ,BOLZANO_HOMECOACH,2,300,18.0,18.0,18.0,0.0,300.0,0
EXT_BOLZANO_IEQ_BOLZANO_HOMECOACH_003_BOLZANO_IEQ_2023,BOLZANO_IEQ,BOLZANO_HOMECOACH,216,67800,19.1,20.8,19.933796296296297,0.5200751683430225,600.0,11
EXT_BOLZANO_IEQ_BOLZANO_HOMECOACH_003_BOLZANO_IEQ_2024,BOLZANO_IEQ,BOLZANO_HOMECOACH,513,157200,17.7,20.7,18.715984405458087,0.7336109626982944,600.0,12
EXT_BOLZANO_IEQ_BOLZANO_HOMECOACH_003_BOLZANO_IEQ_2025,BOLZANO_IEQ,BOLZANO_HOMECOACH,485,149400,17.5,20.9,19.19505154639175,0.8966928052759714,600.0,14
EXT_BOLZANO_IEQ_BOLZANO_HOMECOACH_003_BOLZANO_IEQ_2026,BOLZANO_IEQ,BOLZANO_HOMECOACH,21,6000,17.5,17.9,17.709523809523812,0.10190921218586955,300.0,0
EXT_BOLZANO_IEQ_BOLZANO_HOMECOACH_004_BOLZANO_IEQ_2023,BOLZANO_IEQ,BOLZANO_HOMECOACH,153,49500,18.9,20.0,19.480392156862745,0.3584751335537706,600.0,13
EXT_BOLZANO_IEQ_BOLZANO_HOMECOACH_004_BOLZANO_IEQ_2024,BOLZANO_IEQ,BOLZANO_HOMECOACH,516,158100,17.4,21.0,18.534496124031005,0.6719547571982886,600.0,12
EXT_BOLZANO_IEQ_BOLZANO_HOMECOACH_004_BOLZANO_IEQ_2025,BOLZANO_IEQ,BOLZANO_HOMECOACH,370,114600,17.1,20.9,18.582972972972975,1.0864307166001164,600.0,13
EXT_BOLZANO_IEQ_BOLZANO_HOMECOACH_004_BOLZANO_IEQ_2026,BOLZANO_IEQ,BOLZANO_HOMECOACH,532,164400,16.6,20.3,18.011842105263156,0.9040587207465973,600.0,17
EXT_BOLZANO_IEQ_BOLZANO_HOMECOACH_005_BOLZANO_IEQ_2023,BOLZANO_IEQ,BOLZANO_HOMECOACH,34,10200,19.4,19.9,19.48235294117647,0.10137463493890696,600.0,1
EXT_BOLZANO_IEQ_BOLZANO_HOMECOACH_005_BOLZANO_IEQ_2024,BOLZANO_IEQ,BOLZANO_HOMECOACH,8,2100,17.9,18.0,17.95,0.05000000000000071,300.0,0
EXT_BOLZANO_IEQ_BOLZANO_HOMECOACH_005_BOLZANO_IEQ_2025,BOLZANO_IEQ,BOLZANO_HOMECOACH,183,56700,17.2,20.4,18.200000000000003,0.9206792455703798,600.0,7
EXT_BOLZANO_IEQ_BOLZANO_HOMECOACH_005_BOLZANO_IEQ_2026,BOLZANO_IEQ,BOLZANO_HOMECOACH,519,159600,17.0,21.4,19.05587668593449,1.1492810654720633,600.0,14
EXT_BOLZANO_IEQ_BOLZANO_HOMECOACH_006_BOLZANO_IEQ_2023,BOLZANO_IEQ,BOLZANO_HOMECOACH,11,3000,20.8,21.7,21.436363636363634,0.30233252996937965,300.0,0
EXT_BOLZANO_IEQ_BOLZANO_HOMECOACH_006_BOLZANO_IEQ_2024,BOLZANO_IEQ,BOLZANO_HOMECOACH,20,6300,17.8,17.9,17.855,0.049749371855329946,600.0,2
EXT_BOLZANO_IEQ_BOLZANO_HOMECOACH_006_BOLZANO_IEQ_2025,BOLZANO_IEQ,BOLZANO_HOMECOACH,909,281700,16.4,20.6,17.588338833883387,0.9292676603872237,600.0,31
EXT_BOLZANO_IEQ_BOLZANO_HOMECOACH_006_BOLZANO_IEQ_2026,BOLZANO_IEQ,BOLZANO_HOMECOACH,17,5700,17.8,18.1,17.917647058823526,0.0856483516385944,600.0,3
EXT_BOLZANO_IEQ_BOLZANO_HOMECOACH_007_BOLZANO_IEQ_2023,BOLZANO_IEQ,BOLZANO_HOMECOACH,2000,612900,18.2,21.8,20.416550000000004,0.6501777430057107,600.0,44
EXT_BOLZANO_IEQ_BOLZANO_HOMECOACH_007_BOLZANO_IEQ_2024,BOLZANO_IEQ,BOLZANO_HOMECOACH,422,133200,17.7,19.8,18.466350710900475,0.5521654486556256,600.0,23
EXT_BOLZANO_IEQ_BOLZANO_HOMECOACH_007_BOLZANO_IEQ_2025,BOLZANO_IEQ,BOLZANO_HOMECOACH,3,600,17.1,17.1,17.1,0.0,300.0,0
EXT_BOLZANO_IEQ_BOLZANO_HOMECOACH_007_BOLZANO_IEQ_2026,BOLZANO_IEQ,BOLZANO_HOMECOACH,225,69000,17.7,20.9,19.154222222222227,0.8435862305627456,600.0,6
EXT_BOLZANO_IEQ_BOLZANO_HOMECOACH_008_BOLZANO_IEQ_2023,BOLZANO_IEQ,BOLZANO_HOMECOACH,67,20100,19.8,20.4,20.083582089552237,0.1913011339702938,600.0,1
EXT_BOLZANO_IEQ_BOLZANO_HOMECOACH_008_BOLZANO_IEQ_2024,BOLZANO_IEQ,BOLZANO_HOMECOACH,376,116700,17.6,19.9,18.625797872340424,0.590302304085152,600.0,14
EXT_BOLZANO_IEQ_BOLZANO_HOMECOACH_008_BOLZANO_IEQ_2025,BOLZANO_IEQ,BOLZANO_HOMECOACH,301,92100,16.9,21.5,18.794684385382062,1.2767164786406557,600.0,7
EXT_BOLZANO_IEQ_BOLZANO_HOMECOACH_008_BOLZANO_IEQ_2026,BOLZANO_IEQ,BOLZANO_HOMECOACH,56,17400,16.9,17.7,17.2875,0.2427980495332344,600.0,3
EXT_BOLZANO_IEQ_BOLZANO_HOMECOACH_009_BOLZANO_IEQ_2023,BOLZANO_IEQ,BOLZANO_HOMECOACH,3,600,19.8,19.8,19.8,0.0,300.0,0
EXT_BOLZANO_IEQ_BOLZANO_HOMECOACH_009_BOLZANO_IEQ_2024,BOLZANO_IEQ,BOLZANO_HOMECOACH,1379,429300,17.8,22.6,19.514865844815084,0.9330236740544765,600.0,53
EXT_BOLZANO_IEQ_BOLZANO_HOMECOACH_009_BOLZANO_IEQ_2025,BOLZANO_IEQ,BOLZANO_HOMECOACH,267,81900,17.3,20.7,18.499250936329585,0.8839811422634538,600.0,7
EXT_BOLZANO_IEQ_BOLZANO_HOMECOACH_009_BOLZANO_IEQ_2026,BOLZANO_IEQ,BOLZANO_HOMECOACH,214,69900,16.8,21.4,18.728971962616818,1.057064295323397,600.0,20
EXT_BOLZANO_IEQ_BOLZANO_HOMECOACH_010_BOLZANO_IEQ_2023,BOLZANO_IEQ,BOLZANO_HOMECOACH,542,166200,18.4,20.7,19.925092250922507,0.4288892918925575,600.0,13
EXT_BOLZANO_IEQ_BOLZANO_HOMECOACH_010_BOLZANO_IEQ_2024,BOLZANO_IEQ,BOLZANO_HOMECOACH,605,187200,17.8,21.1,19.15685950413223,0.8086352476438223,600.0,20
EXT_BOLZANO_IEQ_BOLZANO_HOMECOACH_010_BOLZANO_IEQ_2025,BOLZANO_IEQ,BOLZANO_HOMECOACH,763,235200,16.9,20.8,18.168545216251637,0.7958321025848597,600.0,22
EXT_BOLZANO_IEQ_BOLZANO_HOMECOACH_010_BOLZANO_IEQ_2026,BOLZANO_IEQ,BOLZANO_HOMECOACH,593,183000,16.0,20.4,17.93642495784148,1.1950101574501977,600.0,18
EXT_BOLZANO_IEQ_BOLZANO_HOMECOACH_011_BOLZANO_IEQ_2023,BOLZANO_IEQ,BOLZANO_HOMECOACH,60,18000,19.8,20.1,19.928333333333335,0.07092640943651086,600.0,1
EXT_BOLZANO_IEQ_BOLZANO_HOMECOACH_011_BOLZANO_IEQ_2024,BOLZANO_IEQ,BOLZANO_HOMECOACH,903,278700,17.7,20.8,18.88936877076412,0.8465014576648534,600.0,27
EXT_BOLZANO_IEQ_BOLZANO_HOMECOACH_011_BOLZANO_IEQ_2025,BOLZANO_IEQ,BOLZANO_HOMECOACH,34,10500,17.6,18.0,17.779411764705884,0.13011174329761535,600.0,2
EXT_BOLZANO_IEQ_BOLZANO_HOMECOACH_011_BOLZANO_IEQ_2026,BOLZANO_IEQ,BOLZANO_HOMECOACH,562,171600,16.1,20.4,18.280071174377223,1.2282389073138607,600.0,11
EXT_BOLZANO_IEQ_BOLZANO_HOMECOACH_012_BOLZANO_IEQ_2023,BOLZANO_IEQ,BOLZANO_HOMECOACH,223,68400,19.8,20.5,20.270403587443944,0.1822217600963202,600.0,6
EXT_BOLZANO_IEQ_BOLZANO_HOMECOACH_012_BOLZANO_IEQ_2024,BOLZANO_IEQ,BOLZANO_HOMECOACH,518,162300,17.3,22.4,18.93050193050193,1.0216177547737022,600.0,24
EXT_BOLZANO_IEQ_BOLZANO_HOMECOACH_012_BOLZANO_IEQ_2025,BOLZANO_IEQ,BOLZANO_HOMECOACH,270,84300,17.2,20.3,18.287037037037038,0.7425796618436392,600.0,12
EXT_BOLZANO_IEQ_BOLZANO_HOMECOACH_012_BOLZANO_IEQ_2026,BOLZANO_IEQ,BOLZANO_HOMECOACH,354,113400,16.2,21.3,18.0409604519774,1.1092523993400256,600.0,25
EXT_BOLZANO_IEQ_BOLZANO_HOMECOACH_013_BOLZANO_IEQ_2023,BOLZANO_IEQ,BOLZANO_HOMECOACH,222,68100,19.8,21.0,20.40135135135135,0.4026354318321258,600.0,6
EXT_BOLZANO_IEQ_BOLZANO_HOMECOACH_013_BOLZANO_IEQ_2024,BOLZANO_IEQ,BOLZANO_HOMECOACH,1398,431700,16.8,20.3,18.699427753934195,0.7670053718773165,600.0,42
EXT_BOLZANO_IEQ_BOLZANO_HOMECOACH_013_BOLZANO_IEQ_2025,BOLZANO_IEQ,BOLZANO_HOMECOACH,568,175200,16.8,20.3,17.984507042253522,0.8388704490158756,600.0,17
EXT_BOLZANO_IEQ_BOLZANO_HOMECOACH_013_BOLZANO_IEQ_2026,BOLZANO_IEQ,BOLZANO_HOMECOACH,12,3300,16.9,17.6,17.14166666666667,0.2139249608832245,300.0,0
EXT_BOLZANO_IEQ_BOLZANO_HOMECOACH_014_BOLZANO_IEQ_2023,BOLZANO_IEQ,BOLZANO_HOMECOACH,51,15600,20.5,20.7,20.623529411764704,0.07299808027053395,600.0,2
EXT_BOLZANO_IEQ_BOLZANO_HOMECOACH_014_BOLZANO_IEQ_2024,BOLZANO_IEQ,BOLZANO_HOMECOACH,507,155100,18.3,21.4,20.01775147928994,0.6421429800881654,600.0,11
EXT_BOLZANO_IEQ_BOLZANO_HOMECOACH_014_BOLZANO_IEQ_2025,BOLZANO_IEQ,BOLZANO_HOMECOACH,587,182100,16.7,19.7,17.93083475298126,0.8477165349516256,600.0,21
EXT_BOLZANO_IEQ_BOLZANO_HOMECOACH_014_BOLZANO_IEQ_2026,BOLZANO_IEQ,BOLZANO_HOMECOACH,716,222600,16.1,21.2,18.011173184357542,1.2009950567890608,600.0,27
EXT_BOLZANO_IEQ_BOLZANO_HOMECOACH_015_BOLZANO_IEQ_2023,BOLZANO_IEQ,BOLZANO_HOMECOACH,531,164400,18.6,21.2,20.51920903954802,0.4638820629806655,600.0,18
EXT_BOLZANO_IEQ_BOLZANO_HOMECOACH_015_BOLZANO_IEQ_2024,BOLZANO_IEQ,BOLZANO_HOMECOACH,15,4500,19.1,19.2,19.12,0.03999999999999915,600.0,1
EXT_BOLZANO_IEQ_BOLZANO_HOMECOACH_015_BOLZANO_IEQ_2025,BOLZANO_IEQ,BOLZANO_HOMECOACH,120,36900,17.1,19.1,18.16416666666667,0.5816350277928208,600.0,4
EXT_BOLZANO_IEQ_BOLZANO_HOMECOACH_015_BOLZANO_IEQ_2026,BOLZANO_IEQ,BOLZANO_HOMECOACH,260,80100,16.5,19.8,18.07384615384615,0.9941408231892305,600.0,8
EXT_BOLZANO_IEQ_BOLZANO_HOMECOACH_016_BOLZANO_IEQ_2023,BOLZANO_IEQ,BOLZANO_HOMECOACH,6,1800,20.5,20.5,20.5,0.0,600.0,1
EXT_BOLZANO_IEQ_BOLZANO_HOMECOACH_016_BOLZANO_IEQ_2024,BOLZANO_IEQ,BOLZANO_HOMECOACH,289,88800,18.8,23.7,20.26020761245675,1.0336089017328356,600.0,8
EXT_BOLZANO_IEQ_BOLZANO_HOMECOACH_016_BOLZANO_IEQ_2025,BOLZANO_IEQ,BOLZANO_HOMECOACH,204,63600,17.2,20.5,18.43480392156863,0.9455335980718299,600.0,9
EXT_BOLZANO_IEQ_BOLZANO_HOMECOACH_016_BOLZANO_IEQ_2026,BOLZANO_IEQ,BOLZANO_HOMECOACH,257,83400,16.5,20.4,18.48715953307393,1.006569136180454,600.0,22
EXT_BOLZANO_IEQ_BOLZANO_HOMECOACH_017_BOLZANO_IEQ_2023,BOLZANO_IEQ,BOLZANO_HOMECOACH,31,9000,20.4,20.5,20.425806451612896,0.04375696763306686,300.0,0
EXT_BOLZANO_IEQ_BOLZANO_HOMECOACH_017_BOLZANO_IEQ_2024,BOLZANO_IEQ,BOLZANO_HOMECOACH,222,68700,18.7,20.7,19.78873873873874,0.4498340376986642,600.0,8
EXT_BOLZANO_IEQ_BOLZANO_HOMECOACH_017_BOLZANO_IEQ_2025,BOLZANO_IEQ,BOLZANO_HOMECOACH,432,134400,17.0,20.4,17.966435185185187,0.8563533124820852,600.0,17
EXT_BOLZANO_IEQ_BOLZANO_HOMECOACH_017_BOLZANO_IEQ_2026,BOLZANO_IEQ,BOLZANO_HOMECOACH,80,26400,16.8,19.6,17.82,0.9882307422864359,600.0,9
EXT_BOLZANO_IEQ_BOLZANO_HOMECOACH_018_BOLZANO_IEQ_2023,BOLZANO_IEQ,BOLZANO_HOMECOACH,116,35400,20.3,21.1,20.584482758620688,0.2510678738686848,600.0,3
EXT_BOLZANO_IEQ_BOLZANO_HOMECOACH_018_BOLZANO_IEQ_2024,BOLZANO_IEQ,BOLZANO_HOMECOACH,3,600,19.7,19.8,19.733333333333334,0.04714045207910384,300.0,0
EXT_BOLZANO_IEQ_BOLZANO_HOMECOACH_018_BOLZANO_IEQ_2025,BOLZANO_IEQ,BOLZANO_HOMECOACH,2232,687600,17.0,21.8,18.59780465949821,0.9780519834202046,600.0,61
EXT_BOLZANO_IEQ_BOLZANO_HOMECOACH_018_BOLZANO_IEQ_2026,BOLZANO_IEQ,BOLZANO_HOMECOACH,144,45900,16.8,18.4,17.444444444444443,0.40393511885810773,600.0,10
EXT_BOLZANO_IEQ_BOLZANO_HOMECOACH_019_BOLZANO_IEQ_2023,BOLZANO_IEQ,BOLZANO_HOMECOACH,146,46800,20.6,21.2,20.932191780821913,0.1816721914270993,600.0,11
EXT_BOLZANO_IEQ_BOLZANO_HOMECOACH_019_BOLZANO_IEQ_2024,BOLZANO_IEQ,BOLZANO_HOMECOACH,108,33600,18.9,19.8,19.29814814814815,0.2545808033994977,600.0,5
EXT_BOLZANO_IEQ_BOLZANO_HOMECOACH_019_BOLZANO_IEQ_2025,BOLZANO_IEQ,BOLZANO_HOMECOACH,461,141300,17.7,21.6,19.245119305856832,1.102178397556145,600.0,11
EXT_BOLZANO_IEQ_BOLZANO_HOMECOACH_019_BOLZANO_IEQ_2026,BOLZANO_IEQ,BOLZANO_HOMECOACH,13,4200,16.7,16.8,16.723076923076917,0.042132504423474916,600.0,2
EXT_BOLZANO_IEQ_BOLZANO_HOMECOACH_020_BOLZANO_IEQ_2023,BOLZANO_IEQ,BOLZANO_HOMECOACH,862,264000,19.4,20.9,20.281322505800464,0.3449827534331866,600.0,19
EXT_BOLZANO_IEQ_BOLZANO_HOMECOACH_020_BOLZANO_IEQ_2024,BOLZANO_IEQ,BOLZANO_HOMECOACH,350,108900,18.4,21.8,19.197142857142858,0.6504001907773901,600.0,14
EXT_BOLZANO_IEQ_BOLZANO_HOMECOACH_020_BOLZANO_IEQ_2025,BOLZANO_IEQ,BOLZANO_HOMECOACH,560,172800,17.9,21.5,18.950178571428573,0.7593935340393784,600.0,17
EXT_BOLZANO_IEQ_BOLZANO_HOMECOACH_020_BOLZANO_IEQ_2026,BOLZANO_IEQ,BOLZANO_HOMECOACH,9,3000,16.6,16.7,16.633333333333333,0.04714045207910216,600.0,2
EXT_BOLZANO_IEQ_BOLZANO_HOMECOACH_021_BOLZANO_IEQ_2023,BOLZANO_IEQ,BOLZANO_HOMECOACH,67,20400,19.5,20.1,19.862686567164175,0.1976245655884827,600.0,2
EXT_BOLZANO_IEQ_BOLZANO_HOMECOACH_021_BOLZANO_IEQ_2024,BOLZANO_IEQ,BOLZANO_HOMECOACH,447,138600,17.8,22.0,19.453467561521254,1.1249977631393542,600.0,16
EXT_BOLZANO_IEQ_BOLZANO_HOMECOACH_021_BOLZANO_IEQ_2025,BOLZANO_IEQ,BOLZANO_HOMECOACH,373,116700,18.2,21.3,19.280160857908847,0.6552186675262445,600.0,17
EXT_BOLZANO_IEQ_BOLZANO_HOMECOACH_021_BOLZANO_IEQ_2026,BOLZANO_IEQ,BOLZANO_HOMECOACH,4,900,16.6,16.6,16.6,0.0,300.0,0
EXT_BOLZANO_IEQ_BOLZANO_HOMECOACH_022_BOLZANO_IEQ_2023,BOLZANO_IEQ,BOLZANO_HOMECOACH,166,50700,19.4,20.7,20.27530120481927,0.29297739272706824,600.0,4
EXT_BOLZANO_IEQ_BOLZANO_HOMECOACH_022_BOLZANO_IEQ_2024,BOLZANO_IEQ,BOLZANO_HOMECOACH,3,600,19.0,19.0,19.0,0.0,300.0,0
EXT_BOLZANO_IEQ_BOLZANO_HOMECOACH_022_BOLZANO_IEQ_2025,BOLZANO_IEQ,BOLZANO_HOMECOACH,55,18300,18.5,19.0,18.70545454545455,0.14944525518570545,600.0,7
EXT_BOLZANO_IEQ_BOLZANO_HOMECOACH_022_BOLZANO_IEQ_2026,BOLZANO_IEQ,BOLZANO_HOMECOACH,21,6300,16.5,16.6,16.56666666666667,0.04714045207910385,600.0,1
EXT_BOLZANO_IEQ_BOLZANO_HOMECOACH_023_BOLZANO_IEQ_2023,BOLZANO_IEQ,BOLZANO_HOMECOACH,855,263700,19.4,21.2,20.27801169590643,0.32006326107705,600.0,25
EXT_BOLZANO_IEQ_BOLZANO_HOMECOACH_023_BOLZANO_IEQ_2024,BOLZANO_IEQ,BOLZANO_HOMECOACH,184,55200,18.9,21.0,20.017934782608698,0.5345193656626773,600.0,1
EXT_BOLZANO_IEQ_BOLZANO_HOMECOACH_023_BOLZANO_IEQ_2025,BOLZANO_IEQ,BOLZANO_HOMECOACH,839,258900,18.0,22.7,19.49964243146603,0.9513242089694985,600.0,25
EXT_BOLZANO_IEQ_BOLZANO_HOMECOACH_023_BOLZANO_IEQ_2026,BOLZANO_IEQ,BOLZANO_HOMECOACH,221,68700,16.4,21.0,19.042533936651587,1.0497579574408067,600.0,9
EXT_BOLZANO_IEQ_BOLZANO_HOMECOACH_024_BOLZANO_IEQ_2023,BOLZANO_IEQ,BOLZANO_HOMECOACH,287,88800,20.2,21.0,20.708362369337976,0.2621269894229382,600.0,10
EXT_BOLZANO_IEQ_BOLZANO_HOMECOACH_024_BOLZANO_IEQ_2024,BOLZANO_IEQ,BOLZANO_HOMECOACH,15,4800,19.4,19.5,19.426666666666666,0.04422166387140597,600.0,2
EXT_BOLZANO_IEQ_BOLZANO_HOMECOACH_024_BOLZANO_IEQ_2025,BOLZANO_IEQ,BOLZANO_HOMECOACH,705,218400,17.2,21.1,18.69659574468085,0.9528842589977662,600.0,24
EXT_BOLZANO_IEQ_BOLZANO_HOMECOACH_024_BOLZANO_IEQ_2026,BOLZANO_IEQ,BOLZANO_HOMECOACH,1517,476700,16.7,20.8,18.338562953197098,0.8594482705519624,600.0,73
EXT_BOLZANO_IEQ_BOLZANO_HOMECOACH_025_BOLZANO_IEQ_2023,BOLZANO_IEQ,BOLZANO_HOMECOACH,584,182100,19.8,21.6,20.62859589041096,0.4080366636556338,600.0,24
EXT_BOLZANO_IEQ_BOLZANO_HOMECOACH_025_BOLZANO_IEQ_2024,BOLZANO_IEQ,BOLZANO_HOMECOACH,53,15900,19.2,19.4,19.26415094339623,0.06755665581120074,600.0,1
EXT_BOLZANO_IEQ_BOLZANO_HOMECOACH_025_BOLZANO_IEQ_2025,BOLZANO_IEQ,BOLZANO_HOMECOACH,263,81900,17.6,20.1,18.283269961977187,0.6963413017259223,600.0,11
EXT_BOLZANO_IEQ_BOLZANO_HOMECOACH_025_BOLZANO_IEQ_2026,BOLZANO_IEQ,BOLZANO_HOMECOACH,685,210300,16.8,20.9,18.305401459854014,0.9263774629131958,600.0,17
EXT_BOLZANO_IEQ_BOLZANO_HOMECOACH_026_BOLZANO_IEQ_2023,BOLZANO_IEQ,BOLZANO_HOMECOACH,57,17100,16.0,20.3,19.410526315789475,1.2857770141082916,600.0,1
EXT_BOLZANO_IEQ_BOLZANO_HOMECOACH_026_BOLZANO_IEQ_2024,BOLZANO_IEQ,BOLZANO_HOMECOACH,469,147900,19.1,22.1,20.611940298507463,0.6138645703422262,600.0,25
EXT_BOLZANO_IEQ_BOLZANO_HOMECOACH_026_BOLZANO_IEQ_2025,BOLZANO_IEQ,BOLZANO_HOMECOACH,635,197700,17.4,21.0,18.676850393700786,0.9637604341683408,600.0,25
EXT_BOLZANO_IEQ_BOLZANO_HOMECOACH_026_BOLZANO_IEQ_2026,BOLZANO_IEQ,BOLZANO_HOMECOACH,33,10200,17.4,17.8,17.5,0.10444659357341926,600.0,2
EXT_BOLZANO_IEQ_BOLZANO_HOMECOACH_027_BOLZANO_IEQ_2023,BOLZANO_IEQ,BOLZANO_HOMECOACH,189,57300,16.1,20.7,19.96507936507937,0.7922559170783318,600.0,3
EXT_BOLZANO_IEQ_BOLZANO_HOMECOACH_027_BOLZANO_IEQ_2024,BOLZANO_IEQ,BOLZANO_HOMECOACH,23,7500,20.2,20.5,20.321739130434782,0.08317881073786487,600.0,3
EXT_BOLZANO_IEQ_BOLZANO_HOMECOACH_027_BOLZANO_IEQ_2025,BOLZANO_IEQ,BOLZANO_HOMECOACH,252,79200,17.6,21.4,19.013888888888886,0.9277926289087963,600.0,13
EXT_BOLZANO_IEQ_BOLZANO_HOMECOACH_027_BOLZANO_IEQ_2026,BOLZANO_IEQ,BOLZANO_HOMECOACH,44,13200,17.0,18.3,17.24772727272727,0.222065342926188,600.0,1
EXT_BOLZANO_IEQ_BOLZANO_HOMECOACH_028_BOLZANO_IEQ_2023,BOLZANO_IEQ,BOLZANO_HOMECOACH,290,88800,19.4,21.1,20.35137931034483,0.4765698135196406,600.0,7
EXT_BOLZANO_IEQ_BOLZANO_HOMECOACH_028_BOLZANO_IEQ_2024,BOLZANO_IEQ,BOLZANO_HOMECOACH,226,72000,19.7,20.6,20.183185840707964,0.2183618231679098,600.0,15
EXT_BOLZANO_IEQ_BOLZANO_HOMECOACH_028_BOLZANO_IEQ_2025,BOLZANO_IEQ,BOLZANO_HOMECOACH,6,1500,18.7,18.8,18.71666666666667,0.037267799624997024,300.0,0
EXT_BOLZANO_IEQ_BOLZANO_HOMECOACH_028_BOLZANO_IEQ_2026,BOLZANO_IEQ,BOLZANO_HOMECOACH,183,58500,17.0,19.7,18.466666666666665,0.7896414994363317,600.0,13
EXT_BOLZANO_IEQ_BOLZANO_HOMECOACH_029_BOLZANO_IEQ_2023,BOLZANO_IEQ,BOLZANO_HOMECOACH,21,6000,19.7,19.8,19.771428571428572,0.0451753951452632,300.0,0
EXT_BOLZANO_IEQ_BOLZANO_HOMECOACH_029_BOLZANO_IEQ_2024,BOLZANO_IEQ,BOLZANO_HOMECOACH,32,10200,19.6,19.9,19.725,0.09013878188659928,600.0,3
EXT_BOLZANO_IEQ_BOLZANO_HOMECOACH_029_BOLZANO_IEQ_2025,BOLZANO_IEQ,BOLZANO_HOMECOACH,324,101100,17.8,21.8,19.216975308641977,1.0251718251080035,600.0,14
EXT_BOLZANO_IEQ_BOLZANO_HOMECOACH_029_BOLZANO_IEQ_2026,BOLZANO_IEQ,BOLZANO_HOMECOACH,575,181800,16.8,20.0,17.84208695652174,0.8231239493033987,600.0,32
EXT_BOLZANO_IEQ_BOLZANO_HOMECOACH_030_BOLZANO_IEQ_2023,BOLZANO_IEQ,BOLZANO_HOMECOACH,115,34200,19.7,20.7,20.248695652173907,0.3318892474754073,300.0,0
EXT_BOLZANO_IEQ_BOLZANO_HOMECOACH_030_BOLZANO_IEQ_2024,BOLZANO_IEQ,BOLZANO_HOMECOACH,198,61500,19.3,20.2,19.70050505050505,0.24893662224286,600.0,8
EXT_BOLZANO_IEQ_BOLZANO_HOMECOACH_030_BOLZANO_IEQ_2025,BOLZANO_IEQ,BOLZANO_HOMECOACH,1,0,18.2,18.2,18.2,0.0,0.0,0
EXT_BOLZANO_IEQ_BOLZANO_HOMECOACH_030_BOLZANO_IEQ_2026,BOLZANO_IEQ,BOLZANO_HOMECOACH,507,157200,16.8,20.0,17.977712031558188,0.793909441370894,600.0,18
EXT_BOLZANO_IEQ_BOLZANO_HOMECOACH_031_BOLZANO_IEQ_2023,BOLZANO_IEQ,BOLZANO_HOMECOACH,411,131400,19.2,20.7,19.717518248175185,0.33452536959551193,600.0,28
EXT_BOLZANO_IEQ_BOLZANO_HOMECOACH_031_BOLZANO_IEQ_2024,BOLZANO_IEQ,BOLZANO_HOMECOACH,402,124800,19.3,20.9,19.83358208955224,0.3764082737333722,600.0,15
EXT_BOLZANO_IEQ_BOLZANO_HOMECOACH_031_BOLZANO_IEQ_2025,BOLZANO_IEQ,BOLZANO_HOMECOACH,235,71700,18.0,21.1,18.948510638297872,0.8059010517464136,600.0,5
EXT_BOLZANO_IEQ_BOLZANO_HOMECOACH_031_BOLZANO_IEQ_2026,BOLZANO_IEQ,BOLZANO_HOMECOACH,835,262800,17.1,21.2,18.782874251497006,0.9512960599982281,600.0,42
EXT_BOLZANO_IEQ_BOLZANO_HOMECOACH_032_BOLZANO_IEQ_2023,BOLZANO_IEQ,BOLZANO_HOMECOACH,267,84600,19.1,20.3,19.732958801498125,0.36734681154274834,600.0,16
EXT_BOLZANO_IEQ_BOLZANO_HOMECOACH_032_BOLZANO_IEQ_2024,BOLZANO_IEQ,BOLZANO_HOMECOACH,222,67200,19.2,20.3,19.67882882882883,0.2586389836308193,600.0,3
EXT_BOLZANO_IEQ_BOLZANO_HOMECOACH_032_BOLZANO_IEQ_2025,BOLZANO_IEQ,BOLZANO_HOMECOACH,600,185100,17.8,21.6,18.813333333333333,0.7700577178945025,600.0,18
EXT_BOLZANO_IEQ_BOLZANO_HOMECOACH_032_BOLZANO_IEQ_2026,BOLZANO_IEQ,BOLZANO_HOMECOACH,485,148800,17.1,20.2,18.325360824742265,0.7819326596571441,600.0,12
EXT_BOLZANO_IEQ_BOLZANO_HOMECOACH_033_BOLZANO_IEQ_2023,BOLZANO_IEQ,BOLZANO_HOMECOACH,1402,431400,17.8,20.7,19.454992867332383,0.4983782901203139,600.0,37
EXT_BOLZANO_IEQ_BOLZANO_HOMECOACH_033_BOLZANO_IEQ_2024,BOLZANO_IEQ,BOLZANO_HOMECOACH,269,84000,16.3,20.3,19.310780669144982,0.6967229080703716,600.0,12
EXT_BOLZANO_IEQ_BOLZANO_HOMECOACH_033_BOLZANO_IEQ_2025,BOLZANO_IEQ,BOLZANO_HOMECOACH,290,91200,17.4,19.4,18.09344827586207,0.5661045100422097,600.0,15
EXT_BOLZANO_IEQ_BOLZANO_HOMECOACH_033_BOLZANO_IEQ_2026,BOLZANO_IEQ,BOLZANO_HOMECOACH,86,27300,17.7,19.6,18.354651162790702,0.532142876587951,600.0,6
EXT_BOLZANO_IEQ_BOLZANO_HOMECOACH_034_BOLZANO_IEQ_2023,BOLZANO_IEQ,BOLZANO_HOMECOACH,16,4800,18.5,18.6,18.587500000000002,0.03307189138830785,600.0,1
EXT_BOLZANO_IEQ_BOLZANO_HOMECOACH_034_BOLZANO_IEQ_2024,BOLZANO_IEQ,BOLZANO_HOMECOACH,63,19800,18.9,19.4,19.138095238095243,0.12777531299998784,600.0,4
EXT_BOLZANO_IEQ_BOLZANO_HOMECOACH_034_BOLZANO_IEQ_2025,BOLZANO_IEQ,BOLZANO_HOMECOACH,209,63900,17.3,21.0,18.922488038277514,0.7965364804511174,600.0,5
EXT_BOLZANO_IEQ_BOLZANO_HOMECOACH_034_BOLZANO_IEQ_2026,BOLZANO_IEQ,BOLZANO_HOMECOACH,42,14100,17.6,17.9,17.738095238095244,0.08984743935291968,600.0,6
EXT_BOLZANO_IEQ_BOLZANO_HOMECOACH_035_BOLZANO_IEQ_2023,BOLZANO_IEQ,BOLZANO_HOMECOACH,516,158400,18.4,21.1,19.144961240310078,0.4642592232844311,600.0,13
EXT_BOLZANO_IEQ_BOLZANO_HOMECOACH_035_BOLZANO_IEQ_2024,BOLZANO_IEQ,BOLZANO_HOMECOACH,18,6600,18.9,18.9,18.899999999999995,3.552713678800501e-15,600.0,5
EXT_BOLZANO_IEQ_BOLZANO_HOMECOACH_035_BOLZANO_IEQ_2025,BOLZANO_IEQ,BOLZANO_HOMECOACH,73,22500,17.9,18.6,18.234246575342468,0.18447940678939626,600.0,3
EXT_BOLZANO_IEQ_BOLZANO_HOMECOACH_035_BOLZANO_IEQ_2026,BOLZANO_IEQ,BOLZANO_HOMECOACH,234,74700,17.5,20.5,18.82564102564103,0.8165650220527289,600.0,16
EXT_BOLZANO_IEQ_BOLZANO_HOMECOACH_036_BOLZANO_IEQ_2023,BOLZANO_IEQ,BOLZANO_HOMECOACH,19,5700,18.9,19.0,18.93157894736842,0.04648295192804196,600.0,1
EXT_BOLZANO_IEQ_BOLZANO_HOMECOACH_036_BOLZANO_IEQ_2024,BOLZANO_IEQ,BOLZANO_HOMECOACH,419,128100,16.0,19.9,18.281622911694512,0.9334521557191993,600.0,9
EXT_BOLZANO_IEQ_BOLZANO_HOMECOACH_036_BOLZANO_IEQ_2025,BOLZANO_IEQ,BOLZANO_HOMECOACH,1,0,17.9,17.9,17.9,0.0,0.0,0
EXT_BOLZANO_IEQ_BOLZANO_HOMECOACH_036_BOLZANO_IEQ_2026,BOLZANO_IEQ,BOLZANO_HOMECOACH,729,226800,17.5,21.9,19.229218106995887,0.912079923278954,600.0,28
EXT_BOLZANO_IEQ_BOLZANO_HOMECOACH_037_BOLZANO_IEQ_2023,BOLZANO_IEQ,BOLZANO_HOMECOACH,425,130800,18.7,20.0,19.43764705882353,0.32094583401830057,600.0,12
EXT_BOLZANO_IEQ_BOLZANO_HOMECOACH_037_BOLZANO_IEQ_2024,BOLZANO_IEQ,BOLZANO_HOMECOACH,1,0,16.0,16.0,16.0,0.0,0.0,0
EXT_BOLZANO_IEQ_BOLZANO_HOMECOACH_037_BOLZANO_IEQ_2025,BOLZANO_IEQ,BOLZANO_HOMECOACH,730,227100,17.8,22.9,19.68109589041096,1.2615923419949775,600.0,28
EXT_BOLZANO_IEQ_BOLZANO_HOMECOACH_037_BOLZANO_IEQ_2026,BOLZANO_IEQ,BOLZANO_HOMECOACH,44,13200,19.1,21.6,20.540909090909096,0.8074421402907799,600.0,1
EXT_BOLZANO_IEQ_BOLZANO_HOMECOACH_038_BOLZANO_IEQ_2023,BOLZANO_IEQ,BOLZANO_HOMECOACH,97,30300,19.7,19.9,19.81649484536083,0.060377527688025553,600.0,5
EXT_BOLZANO_IEQ_BOLZANO_HOMECOACH_038_BOLZANO_IEQ_2024,BOLZANO_IEQ,BOLZANO_HOMECOACH,3,600,16.0,16.1,16.033333333333335,0.04714045207910384,300.0,0
EXT_BOLZANO_IEQ_BOLZANO_HOMECOACH_038_BOLZANO_IEQ_2025,BOLZANO_IEQ,BOLZANO_HOMECOACH,46,14700,19.0,19.6,19.241304347826087,0.19289114632072266,600.0,4
EXT_BOLZANO_IEQ_BOLZANO_HOMECOACH_038_BOLZANO_IEQ_2026,BOLZANO_IEQ,BOLZANO_HOMECOACH,89,28800,18.6,19.9,19.087640449438204,0.35721149267440205,600.0,8
EXT_BOLZANO_IEQ_BOLZANO_HOMECOACH_039_BOLZANO_IEQ_2023,BOLZANO_IEQ,BOLZANO_HOMECOACH,20,6000,19.6,19.7,19.650000000000002,0.04999999999999894,600.0,1
EXT_BOLZANO_IEQ_BOLZANO_HOMECOACH_039_BOLZANO_IEQ_2024,BOLZANO_IEQ,BOLZANO_HOMECOACH,2,300,16.1,16.2,16.15,0.04999999999999894,300.0,0
EXT_BOLZANO_IEQ_BOLZANO_HOMECOACH_039_BOLZANO_IEQ_2025,BOLZANO_IEQ,BOLZANO_HOMECOACH,323,99600,18.4,20.4,18.970278637770896,0.46617697818808224,600.0,10
EXT_BOLZANO_IEQ_BOLZANO_HOMECOACH_039_BOLZANO_IEQ_2026,BOLZANO_IEQ,BOLZANO_HOMECOACH,244,77100,16.8,21.3,19.28975409836065,0.7579750451304981,600.0,14
EXT_BOLZANO_IEQ_BOLZANO_HOMECOACH_040_BOLZANO_IEQ_2023,BOLZANO_IEQ,BOLZANO_HOMECOACH,264,80400,18.9,20.0,19.662121212121214,0.2756618215369624,600.0,5
EXT_BOLZANO_IEQ_BOLZANO_HOMECOACH_040_BOLZANO_IEQ_2024,BOLZANO_IEQ,BOLZANO_HOMECOACH,810,250200,16.0,19.1,17.89074074074074,0.5974436856106141,600.0,25
EXT_BOLZANO_IEQ_BOLZANO_HOMECOACH_040_BOLZANO_IEQ_2025,BOLZANO_IEQ,BOLZANO_HOMECOACH,3,600,18.3,18.3,18.3,0.0,300.0,0
EXT_BOLZANO_IEQ_BOLZANO_HOMECOACH_040_BOLZANO_IEQ_2026,BOLZANO_IEQ,BOLZANO_HOMECOACH,749,230700,16.7,20.9,19.06502002670227,0.6645953271462409,600.0,21
EXT_BOLZANO_IEQ_BOLZANO_HOMECOACH_041_BOLZANO_IEQ_2023,BOLZANO_IEQ,BOLZANO_HOMECOACH,590,184500,19.6,20.6,19.922542372881356,0.2470510358331528,600.0,26
EXT_BOLZANO_IEQ_BOLZANO_HOMECOACH_041_BOLZANO_IEQ_2024,BOLZANO_IEQ,BOLZANO_HOMECOACH,167,50700,17.4,20.5,19.677245508982033,0.420817090382122,600.0,3
EXT_BOLZANO_IEQ_BOLZANO_HOMECOACH_041_BOLZANO_IEQ_2025,BOLZANO_IEQ,BOLZANO_HOMECOACH,92,27900,18.2,20.4,19.19239130434783,0.5910995089573353,600.0,2
EXT_BOLZANO_IEQ_BOLZANO_HOMECOACH_041_BOLZANO_IEQ_2026,BOLZANO_IEQ,BOLZANO_HOMECOACH,316,102300,18.6,21.3,19.376582278481013,0.6937941657985273,600.0,26
EXT_BOLZANO_IEQ_BOLZANO_HOMECOACH_042_BOLZANO_IEQ_2023,BOLZANO_IEQ,BOLZANO_HOMECOACH,534,165600,19.6,21.0,20.41741573033708,0.26068202719619626,600.0,19
EXT_BOLZANO_IEQ_BOLZANO_HOMECOACH_042_BOLZANO_IEQ_2024,BOLZANO_IEQ,BOLZANO_HOMECOACH,301,92700,18.9,20.7,19.752823920265783,0.46487986397864584,600.0,9
EXT_BOLZANO_IEQ_BOLZANO_HOMECOACH_042_BOLZANO_IEQ_2025,BOLZANO_IEQ,BOLZANO_HOMECOACH,566,175800,18.3,22.5,19.834098939929326,0.8985578261243602,600.0,21
EXT_BOLZANO_IEQ_BOLZANO_HOMECOACH_042_BOLZANO_IEQ_2026,BOLZANO_IEQ,BOLZANO_HOMECOACH,503,156000,18.7,21.7,19.568986083499002,0.6778462308877997,600.0,18
EXT_BOLZANO_IEQ_BOLZANO_HOMECOACH_043_BOLZANO_IEQ_2023,BOLZANO_IEQ,BOLZANO_HOMECOACH,200,61500,20.1,20.9,20.484,0.29162304435692304,600.0,6
EXT_BOLZANO_IEQ_BOLZANO_HOMECOACH_043_BOLZANO_IEQ_2024,BOLZANO_IEQ,BOLZANO_HOMECOACH,348,107400,19.0,20.8,19.939080459770118,0.4632112603198944,600.0,11
EXT_BOLZANO_IEQ_BOLZANO_HOMECOACH_043_BOLZANO_IEQ_2025,BOLZANO_IEQ,BOLZANO_HOMECOACH,391,119400,19.4,23.0,20.69718670076726,0.8942654837486199,600.0,8
EXT_BOLZANO_IEQ_BOLZANO_HOMECOACH_043_BOLZANO_IEQ_2026,BOLZANO_IEQ,BOLZANO_HOMECOACH,354,111000,16.3,20.4,18.95423728813559,0.6593067838417596,600.0,17
EXT_BOLZANO_IEQ_BOLZANO_HOMECOACH_044_BOLZANO_IEQ_2023,BOLZANO_IEQ,BOLZANO_HOMECOACH,269,82800,19.4,20.7,20.153903345724906,0.2402631881497541,600.0,8
EXT_BOLZANO_IEQ_BOLZANO_HOMECOACH_044_BOLZANO_IEQ_2024,BOLZANO_IEQ,BOLZANO_HOMECOACH,190,57900,19.7,21.2,20.50105263157895,0.3751476163752373,600.0,4
EXT_BOLZANO_IEQ_BOLZANO_HOMECOACH_044_BOLZANO_IEQ_2025,BOLZANO_IEQ,BOLZANO_HOMECOACH,809,250500,19.1,21.9,20.138689740420272,0.6744305945417586,600.0,27
EXT_BOLZANO_IEQ_BOLZANO_HOMECOACH_044_BOLZANO_IEQ_2026,BOLZANO_IEQ,BOLZANO_HOMECOACH,238,73200,17.0,20.4,19.063025210084035,0.5342654654754936,600.0,7
EXT_BOLZANO_IEQ_BOLZANO_HOMECOACH_045_BOLZANO_IEQ_2023,BOLZANO_IEQ,BOLZANO_HOMECOACH,626,193800,20.5,24.2,23.034345047923324,0.4174155640921927,600.0,21
EXT_BOLZANO_IEQ_BOLZANO_HOMECOACH_045_BOLZANO_IEQ_2024,BOLZANO_IEQ,BOLZANO_HOMECOACH,1,0,20.4,20.4,20.4,0.0,0.0,0
EXT_BOLZANO_IEQ_BOLZANO_HOMECOACH_045_BOLZANO_IEQ_2025,BOLZANO_IEQ,BOLZANO_HOMECOACH,1176,372000,19.1,21.5,19.91275510204082,0.6406368227509602,600.0,65
EXT_BOLZANO_IEQ_BOLZANO_HOMECOACH_045_BOLZANO_IEQ_2026,BOLZANO_IEQ,BOLZANO_HOMECOACH,148,46500,18.1,20.2,18.6472972972973,0.6034188570302743,600.0,8
EXT_BOLZANO_IEQ_BOLZANO_HOMECOACH_046_BOLZANO_IEQ_2023,BOLZANO_IEQ,BOLZANO_HOMECOACH,72,22200,22.5,23.5,22.944444444444443,0.20336672464136785,600.0,3
EXT_BOLZANO_IEQ_BOLZANO_HOMECOACH_046_BOLZANO_IEQ_2024,BOLZANO_IEQ,BOLZANO_HOMECOACH,8,2400,20.3,20.4,20.3625,0.04841229182759168,600.0,1
EXT_BOLZANO_IEQ_BOLZANO_HOMECOACH_046_BOLZANO_IEQ_2025,BOLZANO_IEQ,BOLZANO_HOMECOACH,7,2100,19.3,19.3,19.3,0.0,600.0,1
EXT_BOLZANO_IEQ_BOLZANO_HOMECOACH_046_BOLZANO_IEQ_2026,BOLZANO_IEQ,BOLZANO_HOMECOACH,442,138600,17.4,21.1,18.506108597285067,0.775667143572805,600.0,21
EXT_BOLZANO_IEQ_BOLZANO_HOMECOACH_047_BOLZANO_IEQ_2023,BOLZANO_IEQ,BOLZANO_HOMECOACH,3,600,23.0,23.0,23.0,0.0,300.0,0
EXT_BOLZANO_IEQ_BOLZANO_HOMECOACH_047_BOLZANO_IEQ_2024,BOLZANO_IEQ,BOLZANO_HOMECOACH,47,14700,20.1,20.3,20.163829787234047,0.08101886282833899,600.0,3
EXT_BOLZANO_IEQ_BOLZANO_HOMECOACH_047_BOLZANO_IEQ_2025,BOLZANO_IEQ,BOLZANO_HOMECOACH,3,900,19.3,19.3,19.3,0.0,600.0,1
EXT_BOLZANO_IEQ_BOLZANO_HOMECOACH_047_BOLZANO_IEQ_2026,BOLZANO_IEQ,BOLZANO_HOMECOACH,59,17700,17.6,20.1,19.38135593220339,0.4204414855884133,600.0,1
EXT_BOLZANO_IEQ_BOLZANO_HOMECOACH_048_BOLZANO_IEQ_2023,BOLZANO_IEQ,BOLZANO_HOMECOACH,65,20100,22.8,23.0,22.858461538461537,0.06992811186069793,600.0,3
EXT_BOLZANO_IEQ_BOLZANO_HOMECOACH_048_BOLZANO_IEQ_2024,BOLZANO_IEQ,BOLZANO_HOMECOACH,1,0,20.1,20.1,20.1,0.0,0.0,0
EXT_BOLZANO_IEQ_BOLZANO_HOMECOACH_048_BOLZANO_IEQ_2025,BOLZANO_IEQ,BOLZANO_HOMECOACH,362,113400,19.1,21.4,19.813259668508287,0.5333526649122052,600.0,17
EXT_BOLZANO_IEQ_BOLZANO_HOMECOACH_048_BOLZANO_IEQ_2026,BOLZANO_IEQ,BOLZANO_HOMECOACH,134,41700,17.6,21.3,19.306716417910447,0.9886820536265885,600.0,6
EXT_BOLZANO_IEQ_BOLZANO_HOMECOACH_049_BOLZANO_IEQ_2023,BOLZANO_IEQ,BOLZANO_HOMECOACH,273,86400,21.8,22.9,22.391575091575092,0.23495477478178053,600.0,16
EXT_BOLZANO_IEQ_BOLZANO_HOMECOACH_049_BOLZANO_IEQ_2024,BOLZANO_IEQ,BOLZANO_HOMECOACH,600,186300,19.1,21.6,20.370666666666665,0.5263138058442153,600.0,22
EXT_BOLZANO_IEQ_BOLZANO_HOMECOACH_049_BOLZANO_IEQ_2025,BOLZANO_IEQ,BOLZANO_HOMECOACH,3,900,19.4,19.4,19.4,0.0,600.0,1
EXT_BOLZANO_IEQ_BOLZANO_HOMECOACH_049_BOLZANO_IEQ_2026,BOLZANO_IEQ,BOLZANO_HOMECOACH,864,270000,17.5,20.6,19.15891203703704,0.5593599364977917,600.0,37
EXT_BOLZANO_IEQ_BOLZANO_HOMECOACH_050_BOLZANO_IEQ_2023,BOLZANO_IEQ,BOLZANO_HOMECOACH,203,62400,18.9,22.1,20.985714285714288,0.8085399217520766,600.0,6
EXT_BOLZANO_IEQ_BOLZANO_HOMECOACH_050_BOLZANO_IEQ_2024,BOLZANO_IEQ,BOLZANO_HOMECOACH,647,199800,18.5,20.8,19.747604327666153,0.5058143948341692,600.0,20
EXT_BOLZANO_IEQ_BOLZANO_HOMECOACH_050_BOLZANO_IEQ_2025,BOLZANO_IEQ,BOLZANO_HOMECOACH,24,7200,19.2,19.4,19.329166666666666,0.08405933750763296,600.0,1
EXT_BOLZANO_IEQ_BOLZANO_HOMECOACH_050_BOLZANO_IEQ_2026,BOLZANO_IEQ,BOLZANO_HOMECOACH,1096,345300,17.5,21.6,19.782481751824815,0.6278974078434256,600.0,56
EXT_BOLZANO_IEQ_BOLZANO_HOMECOACH_051_BOLZANO_IEQ_2023,BOLZANO_IEQ,BOLZANO_HOMECOACH,39,13200,20.6,20.8,20.6948717948718,0.06384563896404447,600.0,6
EXT_BOLZANO_IEQ_BOLZANO_HOMECOACH_051_BOLZANO_IEQ_2024,BOLZANO_IEQ,BOLZANO_HOMECOACH,1781,553200,18.2,20.8,19.220662549129703,0.6056535155558206,600.0,64
EXT_BOLZANO_IEQ_BOLZANO_HOMECOACH_051_BOLZANO_IEQ_2025,BOLZANO_IEQ,BOLZANO_HOMECOACH,684,213000,18.7,20.7,19.23114035087719,0.41613423969655544,600.0,27
EXT_BOLZANO_IEQ_BOLZANO_HOMECOACH_051_BOLZANO_IEQ_2026,BOLZANO_IEQ,BOLZANO_HOMECOACH,253,80100,19.3,22.5,20.551383399209485,0.6856865686276424,600.0,15
EXT_BOLZANO_IEQ_BOLZANO_HOMECOACH_052_BOLZANO_IEQ_2023,BOLZANO_IEQ,BOLZANO_HOMECOACH,40,12000,20.4,20.6,20.495,0.07399324293474477,600.0,1
EXT_BOLZANO_IEQ_BOLZANO_HOMECOACH_052_BOLZANO_IEQ_2024,BOLZANO_IEQ,BOLZANO_HOMECOACH,6,1500,18.7,18.8,18.71666666666667,0.037267799624997024,300.0,0
EXT_BOLZANO_IEQ_BOLZANO_HOMECOACH_052_BOLZANO_IEQ_2025,BOLZANO_IEQ,BOLZANO_HOMECOACH,9,2400,18.6,18.6,18.6,0.0,300.0,0
EXT_BOLZANO_IEQ_BOLZANO_HOMECOACH_052_BOLZANO_IEQ_2026,BOLZANO_IEQ,BOLZANO_HOMECOACH,4,900,19.8,19.8,19.8,0.0,300.0,0
EXT_BOLZANO_IEQ_BOLZANO_HOMECOACH_053_BOLZANO_IEQ_2023,BOLZANO_IEQ,BOLZANO_HOMECOACH,244,76500,20.4,21.7,20.971311475409838,0.3805689244562115,600.0,12
EXT_BOLZANO_IEQ_BOLZANO_HOMECOACH_053_BOLZANO_IEQ_2024,BOLZANO_IEQ,BOLZANO_HOMECOACH,9,2700,18.7,18.8,18.71111111111111,0.0314269680527359,600.0,1
EXT_BOLZANO_IEQ_BOLZANO_HOMECOACH_053_BOLZANO_IEQ_2025,BOLZANO_IEQ,BOLZANO_HOMECOACH,251,78300,18.3,20.3,18.888047808764938,0.41286166531470736,600.0,11
EXT_BOLZANO_IEQ_BOLZANO_HOMECOACH_053_BOLZANO_IEQ_2026,BOLZANO_IEQ,BOLZANO_HOMECOACH,503,154800,19.7,22.1,20.679920477137177,0.5458085304633955,600.0,14
EXT_BOLZANO_IEQ_BOLZANO_HOMECOACH_054_BOLZANO_IEQ_2023,BOLZANO_IEQ,BOLZANO_HOMECOACH,51,16800,20.3,20.4,20.352941176470587,0.049913419848461114,600.0,6
EXT_BOLZANO_IEQ_BOLZANO_HOMECOACH_054_BOLZANO_IEQ_2024,BOLZANO_IEQ,BOLZANO_HOMECOACH,807,252000,18.6,21.0,19.570508054522925,0.5622777316031731,600.0,34
EXT_BOLZANO_IEQ_BOLZANO_HOMECOACH_054_BOLZANO_IEQ_2025,BOLZANO_IEQ,BOLZANO_HOMECOACH,283,87900,18.2,19.9,18.772791519434627,0.336477778996576,600.0,11
EXT_BOLZANO_IEQ_BOLZANO_HOMECOACH_054_BOLZANO_IEQ_2026,BOLZANO_IEQ,BOLZANO_HOMECOACH,58,18300,19.9,20.2,20.07758620689655,0.08103448275862082,600.0,4
EXT_BOLZANO_IEQ_BOLZANO_HOMECOACH_055_BOLZANO_IEQ_2023,BOLZANO_IEQ,BOLZANO_HOMECOACH,765,236400,19.9,22.9,20.686666666666667,0.48784439820781494,600.0,24
EXT_BOLZANO_IEQ_BOLZANO_HOMECOACH_055_BOLZANO_IEQ_2024,BOLZANO_IEQ,BOLZANO_HOMECOACH,15,5100,19.5,19.6,19.580000000000002,0.04000000000000057,600.0,3
EXT_BOLZANO_IEQ_BOLZANO_HOMECOACH_055_BOLZANO_IEQ_2025,BOLZANO_IEQ,BOLZANO_HOMECOACH,557,173400,18.4,20.5,19.18150807899461,0.4442320006500164,600.0,22
EXT_BOLZANO_IEQ_BOLZANO_HOMECOACH_055_BOLZANO_IEQ_2026,BOLZANO_IEQ,BOLZANO_HOMECOACH,26,7800,19.9,20.1,20.015384615384615,0.07692307692307801,600.0,1
EXT_BOLZANO_IEQ_BOLZANO_HOMECOACH_056_BOLZANO_IEQ_2023,BOLZANO_IEQ,BOLZANO_HOMECOACH,12,3300,20.6,20.6,20.599999999999998,3.552713678800501e-15,300.0,0
EXT_BOLZANO_IEQ_BOLZANO_HOMECOACH_056_BOLZANO_IEQ_2024,BOLZANO_IEQ,BOLZANO_HOMECOACH,289,91200,19.4,21.8,20.446020761245677,0.6333246265652027,600.0,16
EXT_BOLZANO_IEQ_BOLZANO_HOMECOACH_056_BOLZANO_IEQ_2025,BOLZANO_IEQ,BOLZANO_HOMECOACH,8,2100,18.5,18.6,18.587500000000002,0.03307189138830785,300.0,0
EXT_BOLZANO_IEQ_BOLZANO_HOMECOACH_056_BOLZANO_IEQ_2026,BOLZANO_IEQ,BOLZANO_HOMECOACH,162,51300,20.0,22.2,21.028395061728393,0.6191859586050368,600.0,10
EXT_BOLZANO_IEQ_BOLZANO_HOMECOACH_057_BOLZANO_IEQ_2023,BOLZANO_IEQ,BOLZANO_HOMECOACH,579,181500,19.7,21.2,20.495336787564767,0.2802583600981046,600.0,27
EXT_BOLZANO_IEQ_BOLZANO_HOMECOACH_057_BOLZANO_IEQ_2024,BOLZANO_IEQ,BOLZANO_HOMECOACH,117,36300,19.2,20.8,19.658974358974362,0.36236494003958,600.0,5
EXT_BOLZANO_IEQ_BOLZANO_HOMECOACH_057_BOLZANO_IEQ_2025,BOLZANO_IEQ,BOLZANO_HOMECOACH,235,72000,18.5,21.9,20.046382978723404,0.6669218766073806,600.0,6
EXT_BOLZANO_IEQ_BOLZANO_HOMECOACH_057_BOLZANO_IEQ_2026,BOLZANO_IEQ,BOLZANO_HOMECOACH,30,9000,20.4,20.5,20.43333333333333,0.047140452079103834,600.0,1
EXT_BOLZANO_IEQ_BOLZANO_HOMECOACH_058_BOLZANO_IEQ_2023,BOLZANO_IEQ,BOLZANO_HOMECOACH,247,75900,19.9,21.4,20.673279352226718,0.4197726574059503,600.0,7
EXT_BOLZANO_IEQ_BOLZANO_HOMECOACH_058_BOLZANO_IEQ_2024,BOLZANO_IEQ,BOLZANO_HOMECOACH,359,112500,18.5,20.1,19.38802228412256,0.3241380076007509,600.0,17
EXT_BOLZANO_IEQ_BOLZANO_HOMECOACH_058_BOLZANO_IEQ_2025,BOLZANO_IEQ,BOLZANO_HOMECOACH,553,170100,18.8,21.0,19.688788426763114,0.5044297233842494,600.0,15
EXT_BOLZANO_IEQ_BOLZANO_HOMECOACH_058_BOLZANO_IEQ_2026,BOLZANO_IEQ,BOLZANO_HOMECOACH,300,96600,20.0,22.1,20.876666666666665,0.5885481194336526,600.0,23
EXT_BOLZANO_IEQ_BOLZANO_HOMECOACH_059_BOLZANO_IEQ_2023,BOLZANO_IEQ,BOLZANO_HOMECOACH,224,70500,20.3,21.2,20.830357142857142,0.21519894687171187,600.0,12
EXT_BOLZANO_IEQ_BOLZANO_HOMECOACH_059_BOLZANO_IEQ_2024,BOLZANO_IEQ,BOLZANO_HOMECOACH,4,900,19.0,19.1,19.025,0.04330127018922255,300.0,0
EXT_BOLZANO_IEQ_BOLZANO_HOMECOACH_059_BOLZANO_IEQ_2025,BOLZANO_IEQ,BOLZANO_HOMECOACH,4,900,19.0,19.0,19.0,0.0,300.0,0
EXT_BOLZANO_IEQ_BOLZANO_HOMECOACH_059_BOLZANO_IEQ_2026,BOLZANO_IEQ,BOLZANO_HOMECOACH,790,241800,19.9,21.7,20.627341772151897,0.4520969674770256,600.0,17
EXT_BOLZANO_IEQ_BOLZANO_HOMECOACH_060_BOLZANO_IEQ_2023,BOLZANO_IEQ,BOLZANO_HOMECOACH,16,5700,20.7,20.7,20.7,0.0,600.0,4
EXT_BOLZANO_IEQ_BOLZANO_HOMECOACH_060_BOLZANO_IEQ_2024,BOLZANO_IEQ,BOLZANO_HOMECOACH,30,9900,18.9,19.0,18.936666666666664,0.04818944098267055,600.0,4
EXT_BOLZANO_IEQ_BOLZANO_HOMECOACH_060_BOLZANO_IEQ_2025,BOLZANO_IEQ,BOLZANO_HOMECOACH,701,218100,18.4,21.5,19.422824536376606,0.5953634541490936,600.0,27
EXT_BOLZANO_IEQ_BOLZANO_HOMECOACH_060_BOLZANO_IEQ_2026,BOLZANO_IEQ,BOLZANO_HOMECOACH,53,15900,20.1,20.5,20.271698113207545,0.10164191397098536,600.0,1
EXT_BOLZANO_IEQ_BOLZANO_HOMECOACH_061_BOLZANO_IEQ_2023,BOLZANO_IEQ,BOLZANO_HOMECOACH,54,17700,20.5,20.7,20.564814814814813,0.0671024849333092,600.0,6
EXT_BOLZANO_IEQ_BOLZANO_HOMECOACH_061_BOLZANO_IEQ_2024,BOLZANO_IEQ,BOLZANO_HOMECOACH,12,3300,18.9,18.9,18.900000000000002,3.552713678800501e-15,300.0,0
EXT_BOLZANO_IEQ_BOLZANO_HOMECOACH_061_BOLZANO_IEQ_2025,BOLZANO_IEQ,BOLZANO_HOMECOACH,137,42000,18.0,20.8,19.066423357664235,0.711149719087387,600.0,4
EXT_BOLZANO_IEQ_BOLZANO_HOMECOACH_061_BOLZANO_IEQ_2026,BOLZANO_IEQ,BOLZANO_HOMECOACH,2,300,20.1,20.1,20.1,0.0,300.0,0
EXT_BOLZANO_IEQ_BOLZANO_HOMECOACH_062_BOLZANO_IEQ_2023,BOLZANO_IEQ,BOLZANO_HOMECOACH,285,89700,20.2,28.9,21.652280701754385,1.7116433239945017,600.0,15
EXT_BOLZANO_IEQ_BOLZANO_HOMECOACH_062_BOLZANO_IEQ_2024,BOLZANO_IEQ,BOLZANO_HOMECOACH,4,900,18.8,18.8,18.8,0.0,300.0,0
EXT_BOLZANO_IEQ_BOLZANO_HOMECOACH_062_BOLZANO_IEQ_2025,BOLZANO_IEQ,BOLZANO_HOMECOACH,4,900,18.6,18.6,18.6,0.0,300.0,0
EXT_BOLZANO_IEQ_BOLZANO_HOMECOACH_062_BOLZANO_IEQ_2026,BOLZANO_IEQ,BOLZANO_HOMECOACH,231,73500,20.0,21.8,20.550649350649355,0.399985944544195,600.0,15
EXT_BOLZANO_IEQ_BOLZANO_HOMECOACH_063_BOLZANO_IEQ_2023,BOLZANO_IEQ,BOLZANO_HOMECOACH,216,65400,20.6,22.5,21.612962962962964,0.5601078918209502,600.0,3
EXT_BOLZANO_IEQ_BOLZANO_HOMECOACH_063_BOLZANO_IEQ_2024,BOLZANO_IEQ,BOLZANO_HOMECOACH,8,2100,18.8,18.8,18.8,0.0,300.0,0
EXT_BOLZANO_IEQ_BOLZANO_HOMECOACH_063_BOLZANO_IEQ_2025,BOLZANO_IEQ,BOLZANO_HOMECOACH,529,163200,18.6,21.6,19.81020793950851,0.641838211284101,600.0,16
EXT_BOLZANO_IEQ_BOLZANO_HOMECOACH_063_BOLZANO_IEQ_2026,BOLZANO_IEQ,BOLZANO_HOMECOACH,250,78600,20.0,21.3,20.4456,0.3337074167590524,600.0,13
EXT_BOLZANO_IEQ_BOLZANO_HOMECOACH_064_BOLZANO_IEQ_2023,BOLZANO_IEQ,BOLZANO_HOMECOACH,264,82200,20.7,23.8,22.36818181818182,0.9808251150618487,600.0,11
EXT_BOLZANO_IEQ_BOLZANO_HOMECOACH_064_BOLZANO_IEQ_2024,BOLZANO_IEQ,BOLZANO_HOMECOACH,1,0,18.8,18.8,18.8,0.0,0.0,0
EXT_BOLZANO_IEQ_BOLZANO_HOMECOACH_064_BOLZANO_IEQ_2025,BOLZANO_IEQ,BOLZANO_HOMECOACH,255,79500,19.5,21.4,20.308235294117644,0.5221099947304805,600.0,11
EXT_BOLZANO_IEQ_BOLZANO_HOMECOACH_064_BOLZANO_IEQ_2026,BOLZANO_IEQ,BOLZANO_HOMECOACH,14,3900,20.2,20.2,20.199999999999996,3.552713678800501e-15,300.0,0
EXT_BOLZANO_IEQ_BOLZANO_HOMECOACH_065_BOLZANO_IEQ_2023,BOLZANO_IEQ,BOLZANO_HOMECOACH,8,2400,22.6,22.6,22.6,0.0,600.0,1
EXT_BOLZANO_IEQ_BOLZANO_HOMECOACH_065_BOLZANO_IEQ_2024,BOLZANO_IEQ,BOLZANO_HOMECOACH,1,0,18.8,18.8,18.8,0.0,0.0,0
EXT_BOLZANO_IEQ_BOLZANO_HOMECOACH_065_BOLZANO_IEQ_2025,BOLZANO_IEQ,BOLZANO_HOMECOACH,1129,352500,19.1,21.7,20.167316209034546,0.457051791621501,600.0,47
EXT_BOLZANO_IEQ_BOLZANO_HOMECOACH_065_BOLZANO_IEQ_2026,BOLZANO_IEQ,BOLZANO_HOMECOACH,30,9000,20.1,20.2,20.11666666666667,0.0372677996249957,600.0,1
EXT_BOLZANO_IEQ_BOLZANO_HOMECOACH_066_BOLZANO_IEQ_2023,BOLZANO_IEQ,BOLZANO_HOMECOACH,244,74100,21.8,24.5,23.088524590163935,0.7263423662446526,600.0,4
EXT_BOLZANO_IEQ_BOLZANO_HOMECOACH_066_BOLZANO_IEQ_2024,BOLZANO_IEQ,BOLZANO_HOMECOACH,59,19200,18.7,20.0,19.16271186440678,0.3246371142690415,600.0,6
EXT_BOLZANO_IEQ_BOLZANO_HOMECOACH_066_BOLZANO_IEQ_2025,BOLZANO_IEQ,BOLZANO_HOMECOACH,808,249900,19.5,22.7,20.321287128712868,0.4952670314169795,600.0,26
EXT_BOLZANO_IEQ_BOLZANO_HOMECOACH_066_BOLZANO_IEQ_2026,BOLZANO_IEQ,BOLZANO_HOMECOACH,328,102600,19.8,20.5,20.084146341463413,0.16414561664030164,600.0,15
EXT_BOLZANO_IEQ_BOLZANO_HOMECOACH_067_BOLZANO_IEQ_2023,BOLZANO_IEQ,BOLZANO_HOMECOACH,37,11400,23.2,23.4,23.25675675675676,0.06384330708658251,600.0,2
EXT_BOLZANO_IEQ_BOLZANO_HOMECOACH_067_BOLZANO_IEQ_2024,BOLZANO_IEQ,BOLZANO_HOMECOACH,901,279600,18.5,21.1,19.264039955604886,0.6674241027418418,600.0,32
EXT_BOLZANO_IEQ_BOLZANO_HOMECOACH_067_BOLZANO_IEQ_2025,BOLZANO_IEQ,BOLZANO_HOMECOACH,26,8100,19.9,20.0,19.915384615384614,0.03608012122941151,600.0,2
EXT_BOLZANO_IEQ_BOLZANO_HOMECOACH_067_BOLZANO_IEQ_2026,BOLZANO_IEQ,BOLZANO_HOMECOACH,185,56700,19.9,21.6,20.385405405405404,0.36205565194582545,600.0,5
EXT_BOLZANO_IEQ_BOLZANO_HOMECOACH_068_BOLZANO_IEQ_2023,BOLZANO_IEQ,BOLZANO_HOMECOACH,17,4800,23.1,23.2,23.10588235294118,0.023529411764705382,300.0,0
EXT_BOLZANO_IEQ_BOLZANO_HOMECOACH_068_BOLZANO_IEQ_2024,BOLZANO_IEQ,BOLZANO_HOMECOACH,413,129000,19.0,21.3,19.795641646489106,0.5737438219952147,600.0,18
EXT_BOLZANO_IEQ_BOLZANO_HOMECOACH_068_BOLZANO_IEQ_2025,BOLZANO_IEQ,BOLZANO_HOMECOACH,789,245400,19.5,22.1,20.68960709759189,0.6640074768237839,600.0,30
EXT_BOLZANO_IEQ_BOLZANO_HOMECOACH_068_BOLZANO_IEQ_2026,BOLZANO_IEQ,BOLZANO_HOMECOACH,161,49500,19.4,21.5,20.24906832298137,0.5567338216122687,600.0,5
EXT_BOLZANO_IEQ_BOLZANO_HOMECOACH_069_BOLZANO_IEQ_2023,BOLZANO_IEQ,BOLZANO_HOMECOACH,7,1800,23.1,23.1,23.099999999999998,3.552713678800501e-15,300.0,0
EXT_BOLZANO_IEQ_BOLZANO_HOMECOACH_069_BOLZANO_IEQ_2024,BOLZANO_IEQ,BOLZANO_HOMECOACH,239,73200,19.2,21.2,20.053138075313807,0.5541594201523388,600.0,6
EXT_BOLZANO_IEQ_BOLZANO_HOMECOACH_069_BOLZANO_IEQ_2025,BOLZANO_IEQ,BOLZANO_HOMECOACH,305,94500,20.2,22.8,21.424918032786888,0.6617181385761769,600.0,11
EXT_BOLZANO_IEQ_BOLZANO_HOMECOACH_069_BOLZANO_IEQ_2026,BOLZANO_IEQ,BOLZANO_HOMECOACH,742,233100,18.9,22.6,20.478975741239893,0.4524745105527187,600.0,36
EXT_BOLZANO_IEQ_BOLZANO_HOMECOACH_070_BOLZANO_IEQ_2023,BOLZANO_IEQ,BOLZANO_HOMECOACH,558,172500,19.3,23.3,22.24605734767025,0.7914261956964416,600.0,18
EXT_BOLZANO_IEQ_BOLZANO_HOMECOACH_070_BOLZANO_IEQ_2024,BOLZANO_IEQ,BOLZANO_HOMECOACH,269,83100,19.4,20.8,19.82565055762082,0.38374505144317367,600.0,9
EXT_BOLZANO_IEQ_BOLZANO_HOMECOACH_070_BOLZANO_IEQ_2025,BOLZANO_IEQ,BOLZANO_HOMECOACH,24,7200,21.3,21.4,21.3125,0.03307189138830668,600.0,1
EXT_BOLZANO_IEQ_BOLZANO_HOMECOACH_070_BOLZANO_IEQ_2026,BOLZANO_IEQ,BOLZANO_HOMECOACH,1540,480600,19.8,21.6,20.364675324675325,0.4305526029843309,600.0,63
EXT_BOLZANO_IEQ_BOLZANO_HOMECOACH_071_BOLZANO_IEQ_2023,BOLZANO_IEQ,BOLZANO_HOMECOACH,12,3600,21.5,21.6,21.541666666666668,0.049300664859164164,600.0,1
EXT_BOLZANO_IEQ_BOLZANO_HOMECOACH_071_BOLZANO_IEQ_2024,BOLZANO_IEQ,BOLZANO_HOMECOACH,604,186300,19.3,23.4,20.251655629139073,0.9758578704890711,600.0,18
EXT_BOLZANO_IEQ_BOLZANO_HOMECOACH_071_BOLZANO_IEQ_2025,BOLZANO_IEQ,BOLZANO_HOMECOACH,10,2700,21.3,21.3,21.300000000000004,3.552713678800501e-15,300.0,0
EXT_BOLZANO_IEQ_BOLZANO_HOMECOACH_071_BOLZANO_IEQ_2026,BOLZANO_IEQ,BOLZANO_HOMECOACH,622,192000,19.4,21.6,19.9959807073955,0.3952693569954088,600.0,19
EXT_BOLZANO_IEQ_BOLZANO_HOMECOACH_072_BOLZANO_IEQ_2023,BOLZANO_IEQ,BOLZANO_HOMECOACH,188,56700,21.4,24.6,23.115957446808512,0.8905894762518267,600.0,2
EXT_BOLZANO_IEQ_BOLZANO_HOMECOACH_072_BOLZANO_IEQ_2024,BOLZANO_IEQ,BOLZANO_HOMECOACH,516,159900,19.6,21.0,20.015116279069765,0.26756906310977263,600.0,18
EXT_BOLZANO_IEQ_BOLZANO_HOMECOACH_072_BOLZANO_IEQ_2025,BOLZANO_IEQ,BOLZANO_HOMECOACH,11,3300,21.3,21.3,21.300000000000004,3.552713678800501e-15,600.0,1
EXT_BOLZANO_IEQ_BOLZANO_HOMECOACH_072_BOLZANO_IEQ_2026,BOLZANO_IEQ,BOLZANO_HOMECOACH,725,229200,18.5,20.9,19.80744827586207,0.3921642500901267,600.0,40
EXT_BOLZANO_IEQ_BOLZANO_HOMECOACH_073_BOLZANO_IEQ_2023,BOLZANO_IEQ,BOLZANO_HOMECOACH,95,29100,23.2,23.8,23.424210526315782,0.17514853213843787,600.0,3
EXT_BOLZANO_IEQ_BOLZANO_HOMECOACH_073_BOLZANO_IEQ_2024,BOLZANO_IEQ,BOLZANO_HOMECOACH,321,100200,19.5,21.9,20.426479750778814,0.6482300900066031,600.0,14
EXT_BOLZANO_IEQ_BOLZANO_HOMECOACH_073_BOLZANO_IEQ_2025,BOLZANO_IEQ,BOLZANO_HOMECOACH,2,300,21.3,21.3,21.3,0.0,300.0,0
EXT_BOLZANO_IEQ_BOLZANO_HOMECOACH_073_BOLZANO_IEQ_2026,BOLZANO_IEQ,BOLZANO_HOMECOACH,350,107100,18.4,20.4,19.338,0.38531842119769694,600.0,8
EXT_BOLZANO_IEQ_BOLZANO_HOMECOACH_074_BOLZANO_IEQ_2023,BOLZANO_IEQ,BOLZANO_HOMECOACH,278,87600,23.2,23.9,23.54784172661871,0.21063201431200815,600.0,15
EXT_BOLZANO_IEQ_BOLZANO_HOMECOACH_074_BOLZANO_IEQ_2024,BOLZANO_IEQ,BOLZANO_HOMECOACH,211,64200,20.1,22.2,21.270616113744076,0.515346567718104,600.0,4
EXT_BOLZANO_IEQ_BOLZANO_HOMECOACH_074_BOLZANO_IEQ_2025,BOLZANO_IEQ,BOLZANO_HOMECOACH,1609,500700,19.6,23.4,21.390677439403355,0.6832817391891985,600.0,61
EXT_BOLZANO_IEQ_BOLZANO_HOMECOACH_074_BOLZANO_IEQ_2026,BOLZANO_IEQ,BOLZANO_HOMECOACH,24,7500,18.6,18.7,18.641666666666666,0.049300664859162416,600.0,2
EXT_BOLZANO_IEQ_BOLZANO_HOMECOACH_075_BOLZANO_IEQ_2023,BOLZANO_IEQ,BOLZANO_HOMECOACH,228,70500,23.3,24.1,23.76228070175439,0.22139523714634546,600.0,8
EXT_BOLZANO_IEQ_BOLZANO_HOMECOACH_075_BOLZANO_IEQ_2024,BOLZANO_IEQ,BOLZANO_HOMECOACH,283,87000,19.7,21.2,20.658657243816254,0.22749433847380252,600.0,8
EXT_BOLZANO_IEQ_BOLZANO_HOMECOACH_075_BOLZANO_IEQ_2025,BOLZANO_IEQ,BOLZANO_HOMECOACH,1,0,21.2,21.2,21.2,0.0,0.0,0
EXT_BOLZANO_IEQ_BOLZANO_HOMECOACH_075_BOLZANO_IEQ_2026,BOLZANO_IEQ,BOLZANO_HOMECOACH,223,68400,18.5,20.4,19.58878923766816,0.42119823254013605,600.0,6
EXT_BOLZANO_IEQ_BOLZANO_HOMECOACH_076_BOLZANO_IEQ_2023,BOLZANO_IEQ,BOLZANO_HOMECOACH,255,78900,23.5,24.9,23.99176470588235,0.3969131177827845,600.0,9
EXT_BOLZANO_IEQ_BOLZANO_HOMECOACH_076_BOLZANO_IEQ_2024,BOLZANO_IEQ,BOLZANO_HOMECOACH,34,11100,20.4,20.6,20.44411764705882,0.06034789567259847,600.0,4
EXT_BOLZANO_IEQ_BOLZANO_HOMECOACH_076_BOLZANO_IEQ_2025,BOLZANO_IEQ,BOLZANO_HOMECOACH,2,600,21.2,21.2,21.2,0.0,600.0,1
EXT_BOLZANO_IEQ_BOLZANO_HOMECOACH_076_BOLZANO_IEQ_2026,BOLZANO_IEQ,BOLZANO_HOMECOACH,32,9900,18.9,19.1,19.0,0.061237243569580324,600.0,2
EXT_BOLZANO_IEQ_BOLZANO_HOMECOACH_077_BOLZANO_IEQ_2023,BOLZANO_IEQ,BOLZANO_HOMECOACH,290,88200,22.7,25.5,24.076206896551724,0.8743585384414914,600.0,5
EXT_BOLZANO_IEQ_BOLZANO_HOMECOACH_077_BOLZANO_IEQ_2024,BOLZANO_IEQ,BOLZANO_HOMECOACH,597,186900,20.3,22.2,20.98324958123953,0.49244288296774774,600.0,27
EXT_BOLZANO_IEQ_BOLZANO_HOMECOACH_077_BOLZANO_IEQ_2025,BOLZANO_IEQ,BOLZANO_HOMECOACH,1,0,21.2,21.2,21.2,0.0,0.0,0
EXT_BOLZANO_IEQ_BOLZANO_HOMECOACH_077_BOLZANO_IEQ_2026,BOLZANO_IEQ,BOLZANO_HOMECOACH,331,100500,18.8,21.0,19.417220543806646,0.4867173565810935,600.0,5
EXT_BOLZANO_IEQ_BOLZANO_HOMECOACH_078_BOLZANO_IEQ_2023,BOLZANO_IEQ,BOLZANO_HOMECOACH,184,56100,22.7,24.9,23.74402173913044,0.7037686746037344,600.0,4
EXT_BOLZANO_IEQ_BOLZANO_HOMECOACH_078_BOLZANO_IEQ_2024,BOLZANO_IEQ,BOLZANO_HOMECOACH,433,133800,19.3,21.7,20.51270207852194,0.5320233254886858,600.0,14
EXT_BOLZANO_IEQ_BOLZANO_HOMECOACH_078_BOLZANO_IEQ_2025,BOLZANO_IEQ,BOLZANO_HOMECOACH,252,80700,21.0,22.9,21.71904761904762,0.5801907575899011,600.0,18
EXT_BOLZANO_IEQ_BOLZANO_HOMECOACH_078_BOLZANO_IEQ_2026,BOLZANO_IEQ,BOLZANO_HOMECOACH,167,52200,19.1,20.4,19.67065868263473,0.34229086927798547,600.0,8
EXT_BOLZANO_IEQ_BOLZANO_HOMECOACH_079_BOLZANO_IEQ_2023,BOLZANO_IEQ,BOLZANO_HOMECOACH,268,81900,23.1,25.5,24.768283582089552,0.4140283105890926,600.0,6
EXT_BOLZANO_IEQ_BOLZANO_HOMECOACH_079_BOLZANO_IEQ_2024,BOLZANO_IEQ,BOLZANO_HOMECOACH,1450,448200,17.5,21.0,19.32531034482759,0.5546549784013467,600.0,45
EXT_BOLZANO_IEQ_BOLZANO_HOMECOACH_079_BOLZANO_IEQ_2025,BOLZANO_IEQ,BOLZANO_HOMECOACH,15,4800,21.5,21.5,21.5,0.0,600.0,2
EXT_BOLZANO_IEQ_BOLZANO_HOMECOACH_079_BOLZANO_IEQ_2026,BOLZANO_IEQ,BOLZANO_HOMECOACH,274,90300,18.6,20.0,19.14087591240876,0.21733446407278015,600.0,28
EXT_BOLZANO_IEQ_BOLZANO_HOMECOACH_080_BOLZANO_IEQ_2023,BOLZANO_IEQ,BOLZANO_HOMECOACH,195,59400,24.1,26.1,25.515384615384615,0.39336709646820545,600.0,4
EXT_BOLZANO_IEQ_BOLZANO_HOMECOACH_080_BOLZANO_IEQ_2024,BOLZANO_IEQ,BOLZANO_HOMECOACH,154,48300,18.8,18.9,18.83506493506494,0.047717332651619336,600.0,8
EXT_BOLZANO_IEQ_BOLZANO_HOMECOACH_080_BOLZANO_IEQ_2025,BOLZANO_IEQ,BOLZANO_HOMECOACH,30,9300,21.4,21.5,21.41333333333333,0.033993463423952396,600.0,2
EXT_BOLZANO_IEQ_BOLZANO_HOMECOACH_080_BOLZANO_IEQ_2026,BOLZANO_IEQ,BOLZANO_HOMECOACH,1,0,18.9,18.9,18.9,0.0,0.0,0
EXT_BOLZANO_IEQ_BOLZANO_HOMECOACH_081_BOLZANO_IEQ_2023,BOLZANO_IEQ,BOLZANO_HOMECOACH,343,105900,23.6,27.8,25.25043731778426,0.7142396605609144,600.0,11
EXT_BOLZANO_IEQ_BOLZANO_HOMECOACH_081_BOLZANO_IEQ_2024,BOLZANO_IEQ,BOLZANO_HOMECOACH,47,15600,18.8,18.9,18.84893617021276,0.04998868138072544,600.0,6
EXT_BOLZANO_IEQ_BOLZANO_HOMECOACH_081_BOLZANO_IEQ_2025,BOLZANO_IEQ,BOLZANO_HOMECOACH,24,7200,21.3,21.4,21.3125,0.03307189138830668,600.0,1
EXT_BOLZANO_IEQ_BOLZANO_HOMECOACH_081_BOLZANO_IEQ_2026,BOLZANO_IEQ,BOLZANO_HOMECOACH,263,84300,18.7,20.6,19.065779467680613,0.33611522110697795,600.0,19
EXT_BOLZANO_IEQ_BOLZANO_HOMECOACH_082_BOLZANO_IEQ_2023,BOLZANO_IEQ,BOLZANO_HOMECOACH,104,31800,23.9,31.5,26.85096153846154,2.0321452851750466,600.0,3
EXT_BOLZANO_IEQ_BOLZANO_HOMECOACH_082_BOLZANO_IEQ_2024,BOLZANO_IEQ,BOLZANO_HOMECOACH,43,14400,18.8,18.8,18.799999999999997,3.552713678800501e-15,600.0,6
EXT_BOLZANO_IEQ_BOLZANO_HOMECOACH_082_BOLZANO_IEQ_2025,BOLZANO_IEQ,BOLZANO_HOMECOACH,32,9900,21.3,21.3,21.3,0.0,600.0,2
EXT_BOLZANO_IEQ_BOLZANO_HOMECOACH_082_BOLZANO_IEQ_2026,BOLZANO_IEQ,BOLZANO_HOMECOACH,58,18000,18.7,18.9,18.755172413793108,0.053085532132209734,600.0,3
EXT_BOLZANO_IEQ_BOLZANO_HOMECOACH_083_BOLZANO_IEQ_2023,BOLZANO_IEQ,BOLZANO_HOMECOACH,738,225900,23.8,26.8,25.396476964769647,0.8643110890665874,600.0,16
EXT_BOLZANO_IEQ_BOLZANO_HOMECOACH_083_BOLZANO_IEQ_2024,BOLZANO_IEQ,BOLZANO_HOMECOACH,839,260700,17.9,20.6,18.98951132300358,0.35916022374414197,600.0,31
EXT_BOLZANO_IEQ_BOLZANO_HOMECOACH_083_BOLZANO_IEQ_2025,BOLZANO_IEQ,BOLZANO_HOMECOACH,761,238500,19.9,21.5,20.832063074901445,0.2953820238988516,600.0,35
EXT_BOLZANO_IEQ_BOLZANO_HOMECOACH_083_BOLZANO_IEQ_2026,BOLZANO_IEQ,BOLZANO_HOMECOACH,277,84000,18.7,20.4,19.409386281588446,0.43773125159219484,600.0,4
EXT_BOLZANO_IEQ_BOLZANO_HOMECOACH_084_BOLZANO_IEQ_2023,BOLZANO_IEQ,BOLZANO_HOMECOACH,719,222300,23.2,26.7,25.664116828929068,0.6884444724421278,600.0,23
EXT_BOLZANO_IEQ_BOLZANO_HOMECOACH_084_BOLZANO_IEQ_2024,BOLZANO_IEQ,BOLZANO_HOMECOACH,1688,528300,18.7,23.6,21.310663507109002,1.3545535056131017,600.0,74
EXT_BOLZANO_IEQ_BOLZANO_HOMECOACH_084_BOLZANO_IEQ_2025,BOLZANO_IEQ,BOLZANO_HOMECOACH,540,166500,20.0,21.3,20.681851851851853,0.2768277581489181,600.0,16
EXT_BOLZANO_IEQ_BOLZANO_HOMECOACH_084_BOLZANO_IEQ_2026,BOLZANO_IEQ,BOLZANO_HOMECOACH,1903,601200,19.0,25.0,21.615554387808725,1.4354090546011373,600.0,102
EXT_BOLZANO_IEQ_BOLZANO_HOMECOACH_085_BOLZANO_IEQ_2023,BOLZANO_IEQ,BOLZANO_HOMECOACH,969,305100,23.4,28.2,25.757997936016512,0.7734370477736409,600.0,49
EXT_BOLZANO_IEQ_BOLZANO_HOMECOACH_085_BOLZANO_IEQ_2024,BOLZANO_IEQ,BOLZANO_HOMECOACH,325,100800,19.9,22.6,21.86430769230769,0.3661272129938919,600.0,12
EXT_BOLZANO_IEQ_BOLZANO_HOMECOACH_085_BOLZANO_IEQ_2025,BOLZANO_IEQ,BOLZANO_HOMECOACH,788,245100,19.9,22.5,20.824492385786805,0.4644429239825443,600.0,30
EXT_BOLZANO_IEQ_BOLZANO_HOMECOACH_085_BOLZANO_IEQ_2026,BOLZANO_IEQ,BOLZANO_HOMECOACH,105,33300,23.0,23.9,23.287619047619046,0.2692830828047078,600.0,7
EXT_BOLZANO_IEQ_BOLZANO_HOMECOACH_086_BOLZANO_IEQ_2023,BOLZANO_IEQ,BOLZANO_HOMECOACH,84,26400,26.5,26.9,26.658333333333335,0.1381926995981414,600.0,5
EXT_BOLZANO_IEQ_BOLZANO_HOMECOACH_086_BOLZANO_IEQ_2024,BOLZANO_IEQ,BOLZANO_HOMECOACH,363,111600,19.6,23.1,21.812121212121216,0.6340361476661179,600.0,10
EXT_BOLZANO_IEQ_BOLZANO_HOMECOACH_086_BOLZANO_IEQ_2025,BOLZANO_IEQ,BOLZANO_HOMECOACH,579,179400,20.4,22.1,21.074956822107083,0.3945371217642322,600.0,20
EXT_BOLZANO_IEQ_BOLZANO_HOMECOACH_086_BOLZANO_IEQ_2026,BOLZANO_IEQ,BOLZANO_HOMECOACH,955,300300,22.4,24.2,23.16502617801047,0.36327750969875866,600.0,47
EXT_BOLZANO_IEQ_BOLZANO_HOMECOACH_087_BOLZANO_IEQ_2023,BOLZANO_IEQ,BOLZANO_HOMECOACH,516,158400,26.5,28.3,27.452131782945735,0.5107898865626165,600.0,13
EXT_BOLZANO_IEQ_BOLZANO_HOMECOACH_087_BOLZANO_IEQ_2024,BOLZANO_IEQ,BOLZANO_HOMECOACH,930,285900,21.1,26.1,22.985806451612905,0.9030727980999396,600.0,24
EXT_BOLZANO_IEQ_BOLZANO_HOMECOACH_087_BOLZANO_IEQ_2025,BOLZANO_IEQ,BOLZANO_HOMECOACH,10,2700,21.0,21.1,21.02,0.04000000000000057,300.0,0
EXT_BOLZANO_IEQ_BOLZANO_HOMECOACH_087_BOLZANO_IEQ_2026,BOLZANO_IEQ,BOLZANO_HOMECOACH,3,600,22.6,22.6,22.600000000000005,3.552713678800501e-15,300.0,0
EXT_BOLZANO_IEQ_BOLZANO_HOMECOACH_088_BOLZANO_IEQ_2023,BOLZANO_IEQ,BOLZANO_HOMECOACH,269,82500,26.4,27.8,27.244981412639408,0.38157239203174775,600.0,7
EXT_BOLZANO_IEQ_BOLZANO_HOMECOACH_088_BOLZANO_IEQ_2024,BOLZANO_IEQ,BOLZANO_HOMECOACH,859,268200,20.6,23.5,22.095809080325964,0.8068139041972582,600.0,36
EXT_BOLZANO_IEQ_BOLZANO_HOMECOACH_088_BOLZANO_IEQ_2025,BOLZANO_IEQ,BOLZANO_HOMECOACH,211,66900,20.9,21.3,21.067772511848343,0.09786471658115892,600.0,13
EXT_BOLZANO_IEQ_BOLZANO_HOMECOACH_088_BOLZANO_IEQ_2026,BOLZANO_IEQ,BOLZANO_HOMECOACH,334,106200,21.6,22.7,22.27395209580838,0.21009965723118504,600.0,21
EXT_BOLZANO_IEQ_BOLZANO_HOMECOACH_089_BOLZANO_IEQ_2023,BOLZANO_IEQ,BOLZANO_HOMECOACH,1067,327300,24.8,28.2,26.94526710402999,0.9138441616111207,600.0,25
EXT_BOLZANO_IEQ_BOLZANO_HOMECOACH_089_BOLZANO_IEQ_2024,BOLZANO_IEQ,BOLZANO_HOMECOACH,20,6000,20.5,20.6,20.55,0.05000000000000071,600.0,1
EXT_BOLZANO_IEQ_BOLZANO_HOMECOACH_089_BOLZANO_IEQ_2025,BOLZANO_IEQ,BOLZANO_HOMECOACH,6,1800,21.0,21.0,21.0,0.0,600.0,1
EXT_BOLZANO_IEQ_BOLZANO_HOMECOACH_089_BOLZANO_IEQ_2026,BOLZANO_IEQ,BOLZANO_HOMECOACH,500,156300,22.1,24.0,22.791800000000002,0.43930941260118705,600.0,22
EXT_BOLZANO_IEQ_BOLZANO_HOMECOACH_090_BOLZANO_IEQ_2023,BOLZANO_IEQ,BOLZANO_HOMECOACH,42,12600,27.1,27.9,27.54523809523809,0.21843859434892407,600.0,1
EXT_BOLZANO_IEQ_BOLZANO_HOMECOACH_090_BOLZANO_IEQ_2024,BOLZANO_IEQ,BOLZANO_HOMECOACH,495,153600,19.6,21.2,20.42969696969697,0.27330175185420025,600.0,18
EXT_BOLZANO_IEQ_BOLZANO_HOMECOACH_090_BOLZANO_IEQ_2025,BOLZANO_IEQ,BOLZANO_HOMECOACH,46,14100,20.9,21.0,20.963043478260868,0.04826870285038007,600.0,2
EXT_BOLZANO_IEQ_BOLZANO_HOMECOACH_090_BOLZANO_IEQ_2026,BOLZANO_IEQ,BOLZANO_HOMECOACH,30,9600,22.7,23.0,22.81666666666666,0.08975274678557495,600.0,3
EXT_BOLZANO_IEQ_BOLZANO_HOMECOACH_091_BOLZANO_IEQ_2023,BOLZANO_IEQ,BOLZANO_HOMECOACH,1130,348900,24.8,29.0,26.7287610619469,0.7590604727659626,600.0,34
EXT_BOLZANO_IEQ_BOLZANO_HOMECOACH_091_BOLZANO_IEQ_2024,BOLZANO_IEQ,BOLZANO_HOMECOACH,813,252600,18.6,20.9,19.574046740467406,0.49853708031354593,600.0,30
EXT_BOLZANO_IEQ_BOLZANO_HOMECOACH_091_BOLZANO_IEQ_2025,BOLZANO_IEQ,BOLZANO_HOMECOACH,7,2100,20.9,20.9,20.900000000000002,3.552713678800501e-15,600.0,1
EXT_BOLZANO_IEQ_BOLZANO_HOMECOACH_091_BOLZANO_IEQ_2026,BOLZANO_IEQ,BOLZANO_HOMECOACH,183,58800,22.7,24.8,23.693442622950826,0.563130065572413,600.0,14
EXT_BOLZANO_IEQ_BOLZANO_HOMECOACH_092_BOLZANO_IEQ_2023,BOLZANO_IEQ,BOLZANO_HOMECOACH,1091,334500,25.0,28.8,27.124014665444548,0.9579570837483874,600.0,25
EXT_BOLZANO_IEQ_BOLZANO_HOMECOACH_092_BOLZANO_IEQ_2024,BOLZANO_IEQ,BOLZANO_HOMECOACH,592,183600,18.6,20.5,19.368243243243242,0.4077852445805137,600.0,21
EXT_BOLZANO_IEQ_BOLZANO_HOMECOACH_092_BOLZANO_IEQ_2025,BOLZANO_IEQ,BOLZANO_HOMECOACH,87,26700,20.8,21.0,20.96896551724138,0.053197409036350424,600.0,3
EXT_BOLZANO_IEQ_BOLZANO_HOMECOACH_092_BOLZANO_IEQ_2026,BOLZANO_IEQ,BOLZANO_HOMECOACH,28,8400,23.2,23.3,23.250000000000007,0.05000000000000071,600.0,1
EXT_BOLZANO_IEQ_BOLZANO_HOMECOACH_093_BOLZANO_IEQ_2023,BOLZANO_IEQ,BOLZANO_HOMECOACH,1121,345000,24.4,28.4,26.344157002676184,0.9562155130383199,600.0,30
EXT_BOLZANO_IEQ_BOLZANO_HOMECOACH_093_BOLZANO_IEQ_2024,BOLZANO_IEQ,BOLZANO_HOMECOACH,36,10800,19.2,19.3,19.216666666666672,0.037267799624997024,600.0,1
EXT_BOLZANO_IEQ_BOLZANO_HOMECOACH_093_BOLZANO_IEQ_2025,BOLZANO_IEQ,BOLZANO_HOMECOACH,172,53400,20.9,21.6,21.093023255813957,0.16760328136490477,600.0,7
EXT_BOLZANO_IEQ_BOLZANO_HOMECOACH_093_BOLZANO_IEQ_2026,BOLZANO_IEQ,BOLZANO_HOMECOACH,28,8400,23.1,23.2,23.175000000000004,0.04330127018922101,600.0,1
EXT_BOLZANO_IEQ_BOLZANO_HOMECOACH_094_BOLZANO_IEQ_2023,BOLZANO_IEQ,BOLZANO_HOMECOACH,334,103500,25.5,27.8,27.107485029940126,0.5732857482766295,600.0,12
EXT_BOLZANO_IEQ_BOLZANO_HOMECOACH_094_BOLZANO_IEQ_2024,BOLZANO_IEQ,BOLZANO_HOMECOACH,126,40800,19.1,19.6,19.35,0.15417471021487666,600.0,11
EXT_BOLZANO_IEQ_BOLZANO_HOMECOACH_094_BOLZANO_IEQ_2025,BOLZANO_IEQ,BOLZANO_HOMECOACH,246,76500,20.3,22.8,21.060162601626015,0.48735887469882305,600.0,10
EXT_BOLZANO_IEQ_BOLZANO_HOMECOACH_094_BOLZANO_IEQ_2026,BOLZANO_IEQ,BOLZANO_HOMECOACH,261,81900,23.1,24.5,23.70191570881226,0.425387099552721,600.0,13
EXT_BOLZANO_IEQ_BOLZANO_HOMECOACH_095_BOLZANO_IEQ_2023,BOLZANO_IEQ,BOLZANO_HOMECOACH,278,85200,26.3,28.6,27.93309352517986,0.5702313665495135,600.0,7
EXT_BOLZANO_IEQ_BOLZANO_HOMECOACH_095_BOLZANO_IEQ_2024,BOLZANO_IEQ,BOLZANO_HOMECOACH,12,3600,19.3,19.4,19.375000000000004,0.04330127018922101,600.0,1
EXT_BOLZANO_IEQ_BOLZANO_HOMECOACH_095_BOLZANO_IEQ_2025,BOLZANO_IEQ,BOLZANO_HOMECOACH,368,116100,20.6,22.0,21.034510869565217,0.31282249427643594,600.0,20
EXT_BOLZANO_IEQ_BOLZANO_HOMECOACH_095_BOLZANO_IEQ_2026,BOLZANO_IEQ,BOLZANO_HOMECOACH,73,23400,23.4,23.4,23.400000000000002,3.552713678800501e-15,600.0,6
EXT_BOLZANO_IEQ_BOLZANO_HOMECOACH_096_BOLZANO_IEQ_2023,BOLZANO_IEQ,BOLZANO_HOMECOACH,185,55800,26.7,28.7,28.025945945945946,0.5722192901301723,600.0,2
EXT_BOLZANO_IEQ_BOLZANO_HOMECOACH_096_BOLZANO_IEQ_2024,BOLZANO_IEQ,BOLZANO_HOMECOACH,79,24600,19.2,19.4,19.27848101265823,0.07056891070767773,600.0,4
EXT_BOLZANO_IEQ_BOLZANO_HOMECOACH_096_BOLZANO_IEQ_2025,BOLZANO_IEQ,BOLZANO_HOMECOACH,1069,333600,20.5,24.2,21.692890551917678,0.7336403893932554,600.0,44
EXT_BOLZANO_IEQ_BOLZANO_HOMECOACH_096_BOLZANO_IEQ_2026,BOLZANO_IEQ,BOLZANO_HOMECOACH,148,45900,23.3,24.3,23.66148648648649,0.21826206930766995,600.0,6
EXT_BOLZANO_IEQ_BOLZANO_HOMECOACH_097_BOLZANO_IEQ_2023,BOLZANO_IEQ,BOLZANO_HOMECOACH,112,35700,28.3,28.5,28.396428571428576,0.08009879104287755,600.0,8
EXT_BOLZANO_IEQ_BOLZANO_HOMECOACH_097_BOLZANO_IEQ_2024,BOLZANO_IEQ,BOLZANO_HOMECOACH,6,1800,19.2,19.2,19.2,0.0,600.0,1
EXT_BOLZANO_IEQ_BOLZANO_HOMECOACH_097_BOLZANO_IEQ_2025,BOLZANO_IEQ,BOLZANO_HOMECOACH,553,178200,22.2,24.2,23.12875226039783,0.48517411549898787,600.0,42
EXT_BOLZANO_IEQ_BOLZANO_HOMECOACH_097_BOLZANO_IEQ_2026,BOLZANO_IEQ,BOLZANO_HOMECOACH,265,86100,22.9,23.7,23.261132075471693,0.16356477428302962,600.0,23
EXT_BOLZANO_IEQ_BOLZANO_HOMECOACH_098_BOLZANO_IEQ_2023,BOLZANO_IEQ,BOLZANO_HOMECOACH,24,7500,28.2,28.3,28.21666666666667,0.037267799624997024,600.0,2
EXT_BOLZANO_IEQ_BOLZANO_HOMECOACH_098_BOLZANO_IEQ_2024,BOLZANO_IEQ,BOLZANO_HOMECOACH,72,23100,19.1,19.2,19.13194444444444,0.04662613980998378,600.0,6
EXT_BOLZANO_IEQ_BOLZANO_HOMECOACH_098_BOLZANO_IEQ_2025,BOLZANO_IEQ,BOLZANO_HOMECOACH,132,41400,23.2,24.0,23.653030303030302,0.20686673866664676,600.0,7
EXT_BOLZANO_IEQ_BOLZANO_HOMECOACH_098_BOLZANO_IEQ_2026,BOLZANO_IEQ,BOLZANO_HOMECOACH,300,94200,22.5,23.8,23.035,0.34186985827943356,600.0,15
EXT_BOLZANO_IEQ_BOLZANO_HOMECOACH_099_BOLZANO_IEQ_2023,BOLZANO_IEQ,BOLZANO_HOMECOACH,87,27600,28.2,28.6,28.432183908045985,0.10113636279291512,600.0,6
EXT_BOLZANO_IEQ_BOLZANO_HOMECOACH_099_BOLZANO_IEQ_2024,BOLZANO_IEQ,BOLZANO_HOMECOACH,26,8400,19.2,19.8,19.415384615384614,0.22307692307692348,600.0,3
EXT_BOLZANO_IEQ_BOLZANO_HOMECOACH_099_BOLZANO_IEQ_2025,BOLZANO_IEQ,BOLZANO_HOMECOACH,142,44400,23.3,23.7,23.409859154929578,0.10021797311109981,600.0,7
EXT_BOLZANO_IEQ_BOLZANO_HOMECOACH_099_BOLZANO_IEQ_2026,BOLZANO_IEQ,BOLZANO_HOMECOACH,16,4800,22.4,22.5,22.424999999999997,0.04330127018922255,600.0,1
EXT_BOLZANO_IEQ_BOLZANO_HOMECOACH_100_BOLZANO_IEQ_2023,BOLZANO_IEQ,BOLZANO_HOMECOACH,2,300,28.4,28.4,28.4,0.0,300.0,0
EXT_BOLZANO_IEQ_BOLZANO_HOMECOACH_100_BOLZANO_IEQ_2024,BOLZANO_IEQ,BOLZANO_HOMECOACH,172,54600,18.9,20.3,19.732558139534884,0.26912513751608236,600.0,11
EXT_BOLZANO_IEQ_BOLZANO_HOMECOACH_100_BOLZANO_IEQ_2025,BOLZANO_IEQ,BOLZANO_HOMECOACH,135,40800,23.3,25.3,24.104444444444447,0.49063325168023514,600.0,2
EXT_BOLZANO_IEQ_BOLZANO_HOMECOACH_100_BOLZANO_IEQ_2026,BOLZANO_IEQ,BOLZANO_HOMECOACH,28,8700,22.3,22.4,22.31785714285714,0.03829930462415493,600.0,2
EXT_BOLZANO_IEQ_BOLZANO_HOMECOACH_101_BOLZANO_IEQ_2023,BOLZANO_IEQ,BOLZANO_HOMECOACH,80,25800,27.4,28.4,27.888749999999998,0.33837617750072146,600.0,7
EXT_BOLZANO_IEQ_BOLZANO_HOMECOACH_101_BOLZANO_IEQ_2024,BOLZANO_IEQ,BOLZANO_HOMECOACH,1098,345000,19.3,23.1,20.998451730418946,0.8975717941368115,600.0,53
EXT_BOLZANO_IEQ_BOLZANO_HOMECOACH_101_BOLZANO_IEQ_2025,BOLZANO_IEQ,BOLZANO_HOMECOACH,326,100500,22.7,24.3,23.72668711656442,0.3207440644262837,600.0,10
EXT_BOLZANO_IEQ_BOLZANO_HOMECOACH_101_BOLZANO_IEQ_2026,BOLZANO_IEQ,BOLZANO_HOMECOACH,206,64200,22.0,23.5,22.711650485436895,0.4495523060755248,600.0,9
EXT_BOLZANO_IEQ_BOLZANO_HOMECOACH_102_BOLZANO_IEQ_2023,BOLZANO_IEQ,BOLZANO_HOMECOACH,38,11700,27.0,27.4,27.178947368421056,0.09502878992246172,600.0,2
EXT_BOLZANO_IEQ_BOLZANO_HOMECOACH_102_BOLZANO_IEQ_2024,BOLZANO_IEQ,BOLZANO_HOMECOACH,271,84300,21.2,21.9,21.507011070110703,0.18078017646350472,600.0,11
EXT_BOLZANO_IEQ_BOLZANO_HOMECOACH_102_BOLZANO_IEQ_2025,BOLZANO_IEQ,BOLZANO_HOMECOACH,13,3900,23.3,23.4,23.384615384615383,0.03608012122941023,600.0,1
EXT_BOLZANO_IEQ_BOLZANO_HOMECOACH_102_BOLZANO_IEQ_2026,BOLZANO_IEQ,BOLZANO_HOMECOACH,31,10200,22.0,22.1,22.051612903225806,0.049973978660741575,600.0,4
EXT_BOLZANO_IEQ_BOLZANO_HOMECOACH_103_BOLZANO_IEQ_2023,BOLZANO_IEQ,BOLZANO_HOMECOACH,537,166500,26.2,28.9,27.47001862197393,0.5897120779234158,600.0,19
EXT_BOLZANO_IEQ_BOLZANO_HOMECOACH_103_BOLZANO_IEQ_2024,BOLZANO_IEQ,BOLZANO_HOMECOACH,19,5700,21.4,21.4,21.399999999999995,3.552713678800501e-15,600.0,1
EXT_BOLZANO_IEQ_BOLZANO_HOMECOACH_103_BOLZANO_IEQ_2025,BOLZANO_IEQ,BOLZANO_HOMECOACH,41,12900,23.2,23.3,23.263414634146347,0.04816687233690679,600.0,3
EXT_BOLZANO_IEQ_BOLZANO_HOMECOACH_103_BOLZANO_IEQ_2026,BOLZANO_IEQ,BOLZANO_HOMECOACH,257,80100,21.1,22.5,21.714785992217895,0.3666220460210823,600.0,11
EXT_BOLZANO_IEQ_BOLZANO_HOMECOACH_104_BOLZANO_IEQ_2023,BOLZANO_IEQ,BOLZANO_HOMECOACH,5,1200,27.9,27.9,27.9,0.0,300.0,0
EXT_BOLZANO_IEQ_BOLZANO_HOMECOACH_104_BOLZANO_IEQ_2024,BOLZANO_IEQ,BOLZANO_HOMECOACH,244,73800,20.8,21.5,21.16516393442623,0.1750163158977526,600.0,3
EXT_BOLZANO_IEQ_BOLZANO_HOMECOACH_104_BOLZANO_IEQ_2025,BOLZANO_IEQ,BOLZANO_HOMECOACH,266,81600,22.7,23.9,23.203759398496242,0.2599612507381676,600.0,7
EXT_BOLZANO_IEQ_BOLZANO_HOMECOACH_104_BOLZANO_IEQ_2026,BOLZANO_IEQ,BOLZANO_HOMECOACH,235,75300,20.6,25.0,22.53872340425532,1.2699432338147305,600.0,17
EXT_BOLZANO_IEQ_BOLZANO_HOMECOACH_105_BOLZANO_IEQ_2023,BOLZANO_IEQ,BOLZANO_HOMECOACH,25,9600,27.9,27.9,27.899999999999995,3.552713678800501e-15,600.0,8
EXT_BOLZANO_IEQ_BOLZANO_HOMECOACH_105_BOLZANO_IEQ_2024,BOLZANO_IEQ,BOLZANO_HOMECOACH,13,4500,21.0,21.0,21.0,0.0,600.0,3
EXT_BOLZANO_IEQ_BOLZANO_HOMECOACH_105_BOLZANO_IEQ_2025,BOLZANO_IEQ,BOLZANO_HOMECOACH,529,164100,20.8,22.8,22.202457466918712,0.31396845618654434,600.0,19
EXT_BOLZANO_IEQ_BOLZANO_HOMECOACH_105_BOLZANO_IEQ_2026,BOLZANO_IEQ,BOLZANO_HOMECOACH,30,9900,22.1,22.3,22.200000000000003,0.06324555320336737,600.0,4
EXT_BOLZANO_IEQ_BOLZANO_HOMECOACH_106_BOLZANO_IEQ_2023,BOLZANO_IEQ,BOLZANO_HOMECOACH,239,73800,26.2,28.1,27.43054393305439,0.6055773872258268,600.0,8
EXT_BOLZANO_IEQ_BOLZANO_HOMECOACH_106_BOLZANO_IEQ_2024,BOLZANO_IEQ,BOLZANO_HOMECOACH,4,1200,21.0,21.0,21.0,0.0,600.0,1
EXT_BOLZANO_IEQ_BOLZANO_HOMECOACH_106_BOLZANO_IEQ_2025,BOLZANO_IEQ,BOLZANO_HOMECOACH,9,2400,21.8,21.9,21.822222222222226,0.041573970964154015,300.0,0
EXT_BOLZANO_IEQ_BOLZANO_HOMECOACH_106_BOLZANO_IEQ_2026,BOLZANO_IEQ,BOLZANO_HOMECOACH,262,80700,21.8,24.4,22.859541984732825,0.7189664577163887,600.0,8
EXT_BOLZANO_IEQ_BOLZANO_HOMECOACH_107_BOLZANO_IEQ_2023,BOLZANO_IEQ,BOLZANO_HOMECOACH,423,130500,26.1,29.3,28.324586288416075,0.6312663219816637,600.0,13
EXT_BOLZANO_IEQ_BOLZANO_HOMECOACH_107_BOLZANO_IEQ_2024,BOLZANO_IEQ,BOLZANO_HOMECOACH,142,43500,20.9,21.3,21.098591549295776,0.13426162996440338,600.0,4
EXT_BOLZANO_IEQ_BOLZANO_HOMECOACH_107_BOLZANO_IEQ_2025,BOLZANO_IEQ,BOLZANO_HOMECOACH,561,172200,20.8,22.3,21.452406417112297,0.29012030001246003,600.0,14
EXT_BOLZANO_IEQ_BOLZANO_HOMECOACH_107_BOLZANO_IEQ_2026,BOLZANO_IEQ,BOLZANO_HOMECOACH,533,164400,22.4,25.2,23.450093808630395,0.7554833887482982,600.0,16
EXT_BOLZANO_IEQ_BOLZANO_HOMECOACH_108_BOLZANO_IEQ_2023,BOLZANO_IEQ,BOLZANO_HOMECOACH,6,1500,28.5,28.9,28.833333333333332,0.14907119849998546,300.0,0
EXT_BOLZANO_IEQ_BOLZANO_HOMECOACH_108_BOLZANO_IEQ_2024,BOLZANO_IEQ,BOLZANO_HOMECOACH,13,3600,21.3,21.3,21.300000000000004,3.552713678800501e-15,300.0,0
EXT_BOLZANO_IEQ_BOLZANO_HOMECOACH_108_BOLZANO_IEQ_2025,BOLZANO_IEQ,BOLZANO_HOMECOACH,277,86400,20.4,23.5,21.696028880866425,0.6773958197677481,600.0,12
EXT_BOLZANO_IEQ_BOLZANO_HOMECOACH_108_BOLZANO_IEQ_2026,BOLZANO_IEQ,BOLZANO_HOMECOACH,51,16800,23.5,23.7,23.605882352941173,0.07517760593208131,600.0,6
EXT_BOLZANO_IEQ_BOLZANO_HOMECOACH_109_BOLZANO_IEQ_2023,BOLZANO_IEQ,BOLZANO_HOMECOACH,99,29700,27.3,28.1,27.632323232323238,0.20441010611136914,600.0,1
EXT_BOLZANO_IEQ_BOLZANO_HOMECOACH_109_BOLZANO_IEQ_2024,BOLZANO_IEQ,BOLZANO_HOMECOACH,356,111900,20.6,23.1,21.584550561797755,0.6767508049037596,600.0,18
EXT_BOLZANO_IEQ_BOLZANO_HOMECOACH_109_BOLZANO_IEQ_2025,BOLZANO_IEQ,BOLZANO_HOMECOACH,23,7500,21.6,21.7,21.62173913043479,0.04124709991523885,600.0,3
EXT_BOLZANO_IEQ_BOLZANO_HOMECOACH_109_BOLZANO_IEQ_2026,BOLZANO_IEQ,BOLZANO_HOMECOACH,210,67500,22.8,23.9,23.36142857142857,0.1944169724681296,600.0,16
EXT_BOLZANO_IEQ_BOLZANO_HOMECOACH_110_BOLZANO_IEQ_2023,BOLZANO_IEQ,BOLZANO_HOMECOACH,844,261300,24.9,29.2,27.307819905213275,0.8119139436701758,600.0,28
EXT_BOLZANO_IEQ_BOLZANO_HOMECOACH_110_BOLZANO_IEQ_2024,BOLZANO_IEQ,BOLZANO_HOMECOACH,52,17400,21.7,21.9,21.76923076923077,0.05384615384615427,600.0,7
EXT_BOLZANO_IEQ_BOLZANO_HOMECOACH_110_BOLZANO_IEQ_2025,BOLZANO_IEQ,BOLZANO_HOMECOACH,23,6900,21.5,21.7,21.621739130434786,0.05070392952039321,600.0,1
EXT_BOLZANO_IEQ_BOLZANO_HOMECOACH_110_BOLZANO_IEQ_2026,BOLZANO_IEQ,BOLZANO_HOMECOACH,29,8700,23.2,23.2,23.200000000000006,7.105427357601002e-15,600.0,1
EXT_BOLZANO_IEQ_BOLZANO_HOMECOACH_111_BOLZANO_IEQ_2023,BOLZANO_IEQ,BOLZANO_HOMECOACH,295,88800,24.3,27.3,26.134237288135594,0.8218709606122669,600.0,2
EXT_BOLZANO_IEQ_BOLZANO_HOMECOACH_111_BOLZANO_IEQ_2024,BOLZANO_IEQ,BOLZANO_HOMECOACH,100,30900,21.4,21.8,21.612999999999992,0.09236341266973606,600.0,4
EXT_BOLZANO_IEQ_BOLZANO_HOMECOACH_111_BOLZANO_IEQ_2025,BOLZANO_IEQ,BOLZANO_HOMECOACH,200,62100,21.7,22.8,22.263500000000004,0.31751810971974515,600.0,8
EXT_BOLZANO_IEQ_BOLZANO_HOMECOACH_111_BOLZANO_IEQ_2026,BOLZANO_IEQ,BOLZANO_HOMECOACH,11,3000,23.1,23.2,23.190909090909088,0.028747978728802834,300.0,0
EXT_BOLZANO_IEQ_BOLZANO_HOMECOACH_112_BOLZANO_IEQ_2023,BOLZANO_IEQ,BOLZANO_HOMECOACH,255,81600,25.6,27.5,26.702352941176468,0.6615448000637214,600.0,18
EXT_BOLZANO_IEQ_BOLZANO_HOMECOACH_112_BOLZANO_IEQ_2024,BOLZANO_IEQ,BOLZANO_HOMECOACH,118,36300,21.4,21.8,21.627966101694913,0.09819178157844455,600.0,4
EXT_BOLZANO_IEQ_BOLZANO_HOMECOACH_112_BOLZANO_IEQ_2025,BOLZANO_IEQ,BOLZANO_HOMECOACH,531,165900,21.8,23.3,22.386064030131827,0.3871205056813376,600.0,23
EXT_BOLZANO_IEQ_BOLZANO_HOMECOACH_112_BOLZANO_IEQ_2026,BOLZANO_IEQ,BOLZANO_HOMECOACH,25,9000,23.1,23.1,23.100000000000005,3.552713678800501e-15,600.0,6
EXT_BOLZANO_IEQ_BOLZANO_HOMECOACH_113_BOLZANO_IEQ_2023,BOLZANO_IEQ,BOLZANO_HOMECOACH,1126,347100,22.3,27.6,25.70577264653641,1.0397057232405607,600.0,32
EXT_BOLZANO_IEQ_BOLZANO_HOMECOACH_113_BOLZANO_IEQ_2024,BOLZANO_IEQ,BOLZANO_HOMECOACH,1,0,21.5,21.5,21.5,0.0,0.0,0
EXT_BOLZANO_IEQ_BOLZANO_HOMECOACH_113_BOLZANO_IEQ_2025,BOLZANO_IEQ,BOLZANO_HOMECOACH,18,5100,22.5,22.6,22.505555555555556,0.022906142364542886,300.0,0
EXT_BOLZANO_IEQ_BOLZANO_HOMECOACH_113_BOLZANO_IEQ_2026,BOLZANO_IEQ,BOLZANO_HOMECOACH,569,178500,22.1,23.4,22.56678383128295,0.3183939662905172,600.0,27
EXT_BOLZANO_IEQ_BOLZANO_HOMECOACH_114_BOLZANO_IEQ_2023,BOLZANO_IEQ,BOLZANO_HOMECOACH,590,180300,23.6,27.4,25.520169491525426,0.8412359582033556,600.0,12
EXT_BOLZANO_IEQ_BOLZANO_HOMECOACH_114_BOLZANO_IEQ_2024,BOLZANO_IEQ,BOLZANO_HOMECOACH,288,91200,21.0,21.6,21.247222222222224,0.14622302431390896,600.0,17
EXT_BOLZANO_IEQ_BOLZANO_HOMECOACH_114_BOLZANO_IEQ_2025,BOLZANO_IEQ,BOLZANO_HOMECOACH,248,76200,21.5,23.0,22.51129032258065,0.2973565464434893,600.0,7
EXT_BOLZANO_IEQ_BOLZANO_HOMECOACH_114_BOLZANO_IEQ_2026,BOLZANO_IEQ,BOLZANO_HOMECOACH,366,120000,22.1,23.4,22.6396174863388,0.4078316192248746,600.0,35
EXT_BOLZANO_IEQ_BOLZANO_HOMECOACH_115_BOLZANO_IEQ_2023,BOLZANO_IEQ,BOLZANO_HOMECOACH,825,255300,24.5,27.9,26.16048484848485,0.8046921534920319,600.0,27
EXT_BOLZANO_IEQ_BOLZANO_HOMECOACH_115_BOLZANO_IEQ_2024,BOLZANO_IEQ,BOLZANO_HOMECOACH,219,68100,20.8,21.7,21.136986301369863,0.21655681400876306,600.0,9
EXT_BOLZANO_IEQ_BOLZANO_HOMECOACH_115_BOLZANO_IEQ_2025,BOLZANO_IEQ,BOLZANO_HOMECOACH,8,2100,22.5,22.5,22.5,0.0,300.0,0
EXT_BOLZANO_IEQ_BOLZANO_HOMECOACH_115_BOLZANO_IEQ_2026,BOLZANO_IEQ,BOLZANO_HOMECOACH,120,39300,22.2,22.9,22.474166666666672,0.1818863350801508,600.0,12
EXT_BOLZANO_IEQ_BOLZANO_HOMECOACH_116_BOLZANO_IEQ_2023,BOLZANO_IEQ,BOLZANO_HOMECOACH,578,179700,24.2,27.4,26.029411764705884,0.7718445080692602,600.0,22
EXT_BOLZANO_IEQ_BOLZANO_HOMECOACH_116_BOLZANO_IEQ_2024,BOLZANO_IEQ,BOLZANO_HOMECOACH,27,8100,21.1,21.1,21.1,0.0,600.0,1
EXT_BOLZANO_IEQ_BOLZANO_HOMECOACH_116_BOLZANO_IEQ_2025,BOLZANO_IEQ,BOLZANO_HOMECOACH,272,86700,21.8,23.1,22.49485294117647,0.30044571128995334,600.0,18
EXT_BOLZANO_IEQ_BOLZANO_HOMECOACH_116_BOLZANO_IEQ_2026,BOLZANO_IEQ,BOLZANO_HOMECOACH,30,9900,22.2,22.2,22.200000000000006,7.105427357601002e-15,600.0,4
EXT_BOLZANO_IEQ_BOLZANO_HOMECOACH_117_BOLZANO_IEQ_2023,BOLZANO_IEQ,BOLZANO_HOMECOACH,182,56100,25.3,26.4,26.080219780219778,0.25708414845914307,600.0,6
EXT_BOLZANO_IEQ_BOLZANO_HOMECOACH_117_BOLZANO_IEQ_2024,BOLZANO_IEQ,BOLZANO_HOMECOACH,480,149100,20.7,23.0,21.73166666666667,0.5895242903298292,600.0,18
EXT_BOLZANO_IEQ_BOLZANO_HOMECOACH_117_BOLZANO_IEQ_2025,BOLZANO_IEQ,BOLZANO_HOMECOACH,308,95700,21.1,23.7,22.28766233766234,0.4510921698770723,600.0,12
EXT_BOLZANO_IEQ_BOLZANO_HOMECOACH_117_BOLZANO_IEQ_2026,BOLZANO_IEQ,BOLZANO_HOMECOACH,2,300,22.2,22.2,22.2,0.0,300.0,0
EXT_BOLZANO_IEQ_BOLZANO_HOMECOACH_118_BOLZANO_IEQ_2023,BOLZANO_IEQ,BOLZANO_HOMECOACH,119,37200,24.3,26.1,25.557142857142868,0.5671054958800732,600.0,6
EXT_BOLZANO_IEQ_BOLZANO_HOMECOACH_118_BOLZANO_IEQ_2024,BOLZANO_IEQ,BOLZANO_HOMECOACH,92,29100,22.0,22.3,22.106521739130432,0.10714105678566614,600.0,6
EXT_BOLZANO_IEQ_BOLZANO_HOMECOACH_118_BOLZANO_IEQ_2025,BOLZANO_IEQ,BOLZANO_HOMECOACH,772,238500,21.0,24.1,22.382772020725387,0.4882304781954133,600.0,24
EXT_BOLZANO_IEQ_BOLZANO_HOMECOACH_118_BOLZANO_IEQ_2026,BOLZANO_IEQ,BOLZANO_HOMECOACH,194,59400,22.2,23.6,22.979381443298973,0.3496502359368577,600.0,5
EXT_BOLZANO_IEQ_BOLZANO_HOMECOACH_119_BOLZANO_IEQ_2023,BOLZANO_IEQ,BOLZANO_HOMECOACH,394,121800,24.1,25.8,25.166751269035537,0.4716706500221294,600.0,13
EXT_BOLZANO_IEQ_BOLZANO_HOMECOACH_119_BOLZANO_IEQ_2024,BOLZANO_IEQ,BOLZANO_HOMECOACH,22,6600,21.9,22.0,21.986363636363635,0.034317429251231164,600.0,1
EXT_BOLZANO_IEQ_BOLZANO_HOMECOACH_119_BOLZANO_IEQ_2025,BOLZANO_IEQ,BOLZANO_HOMECOACH,216,68700,22.3,23.0,22.534259259259258,0.1730243169791981,600.0,14
EXT_BOLZANO_IEQ_BOLZANO_HOMECOACH_119_BOLZANO_IEQ_2026,BOLZANO_IEQ,BOLZANO_HOMECOACH,21,7200,22.7,22.8,22.71428571428571,0.03499271061118875,600.0,4
EXT_BOLZANO_IEQ_BOLZANO_HOMECOACH_120_BOLZANO_IEQ_2023,BOLZANO_IEQ,BOLZANO_HOMECOACH,15,4800,25.3,25.4,25.306666666666672,0.024944382578492404,600.0,2
EXT_BOLZANO_IEQ_BOLZANO_HOMECOACH_120_BOLZANO_IEQ_2024,BOLZANO_IEQ,BOLZANO_HOMECOACH,154,47100,21.9,23.1,22.444155844155844,0.4559828848729029,600.0,4
EXT_BOLZANO_IEQ_BOLZANO_HOMECOACH_120_BOLZANO_IEQ_2025,BOLZANO_IEQ,BOLZANO_HOMECOACH,427,134100,21.2,22.6,22.121545667447307,0.3689398060214937,600.0,21
EXT_BOLZANO_IEQ_BOLZANO_HOMECOACH_120_BOLZANO_IEQ_2026,BOLZANO_IEQ,BOLZANO_HOMECOACH,490,153900,22.0,24.4,22.801428571428573,0.49008329154650976,600.0,24
EXT_BOLZANO_IEQ_BOLZANO_HOMECOACH_121_BOLZANO_IEQ_2023,BOLZANO_IEQ,BOLZANO_HOMECOACH,1262,390600,22.5,27.2,24.731141045958797,0.8687596842515423,600.0,41
EXT_BOLZANO_IEQ_BOLZANO_HOMECOACH_121_BOLZANO_IEQ_2024,BOLZANO_IEQ,BOLZANO_HOMECOACH,85,25800,22.4,22.6,22.48941176470589,0.071986157838958,600.0,2
EXT_BOLZANO_IEQ_BOLZANO_HOMECOACH_121_BOLZANO_IEQ_2025,BOLZANO_IEQ,BOLZANO_HOMECOACH,277,87000,21.1,22.0,21.516967509025267,0.21688850475088123,600.0,14
EXT_BOLZANO_IEQ_BOLZANO_HOMECOACH_121_BOLZANO_IEQ_2026,BOLZANO_IEQ,BOLZANO_HOMECOACH,186,60600,21.7,22.5,22.275806451612908,0.13362459515933037,600.0,17
EXT_BOLZANO_IEQ_BOLZANO_HOMECOACH_122_BOLZANO_IEQ_2023,BOLZANO_IEQ,BOLZANO_HOMECOACH,668,206100,25.2,27.8,26.60583832335329,0.7045056347748571,600.0,20
EXT_BOLZANO_IEQ_BOLZANO_HOMECOACH_122_BOLZANO_IEQ_2024,BOLZANO_IEQ,BOLZANO_HOMECOACH,16,5400,22.3,22.4,22.393749999999997,0.02420614591379584,600.0,3
EXT_BOLZANO_IEQ_BOLZANO_HOMECOACH_122_BOLZANO_IEQ_2025,BOLZANO_IEQ,BOLZANO_HOMECOACH,380,120900,20.2,22.0,21.394736842105264,0.3443891376282697,600.0,24
EXT_BOLZANO_IEQ_BOLZANO_HOMECOACH_123_BOLZANO_IEQ_2023,BOLZANO_IEQ,BOLZANO_HOMECOACH,306,94200,26.3,28.4,27.68267973856209,0.6696946007076099,600.0,9
EXT_BOLZANO_IEQ_BOLZANO_HOMECOACH_123_BOLZANO_IEQ_2024,BOLZANO_IEQ,BOLZANO_HOMECOACH,15,4200,22.3,22.4,22.36666666666667,0.04714045207910216,300.0,0
EXT_BOLZANO_IEQ_BOLZANO_HOMECOACH_123_BOLZANO_IEQ_2025,BOLZANO_IEQ,BOLZANO_HOMECOACH,1246,385200,20.6,23.9,21.959791332263244,0.603172156085405,600.0,39
EXT_BOLZANO_IEQ_BOLZANO_HOMECOACH_124_BOLZANO_IEQ_2023,BOLZANO_IEQ,BOLZANO_HOMECOACH,231,70800,25.6,28.6,27.482683982683984,0.8155701692674009,600.0,6
EXT_BOLZANO_IEQ_BOLZANO_HOMECOACH_124_BOLZANO_IEQ_2024,BOLZANO_IEQ,BOLZANO_HOMECOACH,38,12000,22.3,22.4,22.381578947368414,0.038765578585936634,600.0,3
EXT_BOLZANO_IEQ_BOLZANO_HOMECOACH_124_BOLZANO_IEQ_2025,BOLZANO_IEQ,BOLZANO_HOMECOACH,317,98700,22.3,23.5,22.764037854889594,0.2731405823871988,600.0,13
EXT_BOLZANO_IEQ_BOLZANO_HOMECOACH_125_BOLZANO_IEQ_2023,BOLZANO_IEQ,BOLZANO_HOMECOACH,262,80400,26.7,29.4,28.001526717557255,0.9280600083276753,600.0,7
EXT_BOLZANO_IEQ_BOLZANO_HOMECOACH_125_BOLZANO_IEQ_2024,BOLZANO_IEQ,BOLZANO_HOMECOACH,176,57000,22.4,23.8,23.245454545454546,0.3624127139141391,600.0,15
EXT_BOLZANO_IEQ_BOLZANO_HOMECOACH_125_BOLZANO_IEQ_2025,BOLZANO_IEQ,BOLZANO_HOMECOACH,4,1200,22.8,22.8,22.8,0.0,600.0,1
EXT_BOLZANO_IEQ_BOLZANO_HOMECOACH_126_BOLZANO_IEQ_2023,BOLZANO_IEQ,BOLZANO_HOMECOACH,576,179400,26.2,29.0,27.893055555555556,0.592241830507158,600.0,23
EXT_BOLZANO_IEQ_BOLZANO_HOMECOACH_126_BOLZANO_IEQ_2024,BOLZANO_IEQ,BOLZANO_HOMECOACH,105,33300,22.6,23.2,23.003809523809526,0.19660151117173888,600.0,7
EXT_BOLZANO_IEQ_BOLZANO_HOMECOACH_126_BOLZANO_IEQ_2025,BOLZANO_IEQ,BOLZANO_HOMECOACH,207,66600,22.8,23.9,23.456521739130434,0.30903227206811934,600.0,16
EXT_BOLZANO_IEQ_BOLZANO_HOMECOACH_127_BOLZANO_IEQ_2023,BOLZANO_IEQ,BOLZANO_HOMECOACH,184,57600,26.1,28.3,27.68858695652174,0.42134639658697015,600.0,9
EXT_BOLZANO_IEQ_BOLZANO_HOMECOACH_127_BOLZANO_IEQ_2024,BOLZANO_IEQ,BOLZANO_HOMECOACH,448,139200,22.2,24.0,22.685714285714287,0.35002733129437363,600.0,17
EXT_BOLZANO_IEQ_BOLZANO_HOMECOACH_127_BOLZANO_IEQ_2025,BOLZANO_IEQ,BOLZANO_HOMECOACH,486,153300,23.4,24.7,24.2014403292181,0.36200456926369445,600.0,26
EXT_BOLZANO_IEQ_BOLZANO_HOMECOACH_128_BOLZANO_IEQ_2023,BOLZANO_IEQ,BOLZANO_HOMECOACH,497,151800,25.9,29.6,28.314486921529177,0.7027907779670656,600.0,10
EXT_BOLZANO_IEQ_BOLZANO_HOMECOACH_128_BOLZANO_IEQ_2024,BOLZANO_IEQ,BOLZANO_HOMECOACH,50,16800,22.7,22.8,22.728,0.04489988864128793,600.0,7
EXT_BOLZANO_IEQ_BOLZANO_HOMECOACH_128_BOLZANO_IEQ_2025,BOLZANO_IEQ,BOLZANO_HOMECOACH,317,99000,24.0,24.9,24.501261829653,0.2584807302529721,600.0,14
EXT_BOLZANO_IEQ_BOLZANO_HOMECOACH_129_BOLZANO_IEQ_2023,BOLZANO_IEQ,BOLZANO_HOMECOACH,249,77400,27.4,29.1,28.745381526104417,0.39513704986089504,600.0,10
EXT_BOLZANO_IEQ_BOLZANO_HOMECOACH_129_BOLZANO_IEQ_2024,BOLZANO_IEQ,BOLZANO_HOMECOACH,1361,426000,20.6,22.9,21.930859662013226,0.43055924042077576,600.0,60
EXT_BOLZANO_IEQ_BOLZANO_HOMECOACH_129_BOLZANO_IEQ_2025,BOLZANO_IEQ,BOLZANO_HOMECOACH,746,233400,24.0,25.6,24.65965147453083,0.32819987817081486,600.0,33
EXT_BOLZANO_IEQ_BOLZANO_HOMECOACH_130_BOLZANO_IEQ_2023,BOLZANO_IEQ,BOLZANO_HOMECOACH,35,10800,29.1,29.3,29.208571428571425,0.07317856271351811,600.0,2
EXT_BOLZANO_IEQ_BOLZANO_HOMECOACH_130_BOLZANO_IEQ_2024,BOLZANO_IEQ,BOLZANO_HOMECOACH,535,166800,21.6,24.6,22.633457943925237,0.5412189475303558,600.0,22
EXT_BOLZANO_IEQ_BOLZANO_HOMECOACH_130_BOLZANO_IEQ_2025,BOLZANO_IEQ,BOLZANO_HOMECOACH,36,10500,25.0,25.2,25.083333333333332,0.06009252125773325,300.0,0
EXT_BOLZANO_IEQ_BOLZANO_HOMECOACH_131_BOLZANO_IEQ_2023,BOLZANO_IEQ,BOLZANO_HOMECOACH,570,177900,26.9,30.6,29.272456140350876,0.7230995192523626,600.0,24
EXT_BOLZANO_IEQ_BOLZANO_HOMECOACH_131_BOLZANO_IEQ_2024,BOLZANO_IEQ,BOLZANO_HOMECOACH,235,72600,21.7,22.8,22.19021276595744,0.2952639595251631,600.0,8
EXT_BOLZANO_IEQ_BOLZANO_HOMECOACH_131_BOLZANO_IEQ_2025,BOLZANO_IEQ,BOLZANO_HOMECOACH,125,38400,24.8,25.0,24.910400000000006,0.05631909090175375,600.0,4
EXT_BOLZANO_IEQ_BOLZANO_HOMECOACH_132_BOLZANO_IEQ_2023,BOLZANO_IEQ,BOLZANO_HOMECOACH,1360,424500,24.1,31.1,27.936029411764707,1.727501289440127,600.0,56
EXT_BOLZANO_IEQ_BOLZANO_HOMECOACH_132_BOLZANO_IEQ_2024,BOLZANO_IEQ,BOLZANO_HOMECOACH,13,3600,22.1,22.2,22.10769230769231,0.026646935501059087,300.0,0
EXT_BOLZANO_IEQ_BOLZANO_HOMECOACH_132_BOLZANO_IEQ_2025,BOLZANO_IEQ,BOLZANO_HOMECOACH,202,66900,24.9,25.5,25.260396039603954,0.15161128508951263,600.0,22
EXT_BOLZANO_IEQ_BOLZANO_HOMECOACH_133_BOLZANO_IEQ_2023,BOLZANO_IEQ,BOLZANO_HOMECOACH,235,72000,24.2,26.7,25.451914893617015,0.7164529599497329,600.0,6
EXT_BOLZANO_IEQ_BOLZANO_HOMECOACH_133_BOLZANO_IEQ_2024,BOLZANO_IEQ,BOLZANO_HOMECOACH,9,2700,22.1,22.1,22.1,0.0,600.0,1
EXT_BOLZANO_IEQ_BOLZANO_HOMECOACH_133_BOLZANO_IEQ_2025,BOLZANO_IEQ,BOLZANO_HOMECOACH,14,4200,25.1,25.2,25.19285714285714,0.025753937681885084,600.0,1
EXT_BOLZANO_IEQ_BOLZANO_HOMECOACH_134_BOLZANO_IEQ_2023,BOLZANO_IEQ,BOLZANO_HOMECOACH,310,96000,23.8,26.2,25.06290322580645,0.7110269426789682,600.0,11
EXT_BOLZANO_IEQ_BOLZANO_HOMECOACH_134_BOLZANO_IEQ_2024,BOLZANO_IEQ,BOLZANO_HOMECOACH,260,81900,21.7,22.3,22.0023076923077,0.109168454597883,600.0,14
EXT_BOLZANO_IEQ_BOLZANO_HOMECOACH_134_BOLZANO_IEQ_2025,BOLZANO_IEQ,BOLZANO_HOMECOACH,113,36600,25.2,26.0,25.445132743362834,0.26272605957384493,600.0,10
EXT_BOLZANO_IEQ_BOLZANO_HOMECOACH_135_BOLZANO_IEQ_2023,BOLZANO_IEQ,BOLZANO_HOMECOACH,297,92700,24.3,27.1,25.747138047138048,0.8800827695618682,600.0,13
EXT_BOLZANO_IEQ_BOLZANO_HOMECOACH_135_BOLZANO_IEQ_2024,BOLZANO_IEQ,BOLZANO_HOMECOACH,10,3000,21.7,21.7,21.699999999999996,3.552713678800501e-15,600.0,1
EXT_BOLZANO_IEQ_BOLZANO_HOMECOACH_135_BOLZANO_IEQ_2025,BOLZANO_IEQ,BOLZANO_HOMECOACH,2,300,26.0,26.0,26.0,0.0,300.0,0
EXT_BOLZANO_IEQ_BOLZANO_HOMECOACH_136_BOLZANO_IEQ_2023,BOLZANO_IEQ,BOLZANO_HOMECOACH,523,160800,25.0,28.0,26.3697896749522,0.8511859647489225,600.0,14
EXT_BOLZANO_IEQ_BOLZANO_HOMECOACH_136_BOLZANO_IEQ_2024,BOLZANO_IEQ,BOLZANO_HOMECOACH,20,6300,21.6,21.7,21.605000000000008,0.021794494717702905,600.0,2
EXT_BOLZANO_IEQ_BOLZANO_HOMECOACH_136_BOLZANO_IEQ_2025,BOLZANO_IEQ,BOLZANO_HOMECOACH,23,7800,25.8,26.0,25.930434782608685,0.062099377639503274,600.0,4
EXT_BOLZANO_IEQ_BOLZANO_HOMECOACH_137_BOLZANO_IEQ_2023,BOLZANO_IEQ,BOLZANO_HOMECOACH,296,93300,26.0,28.1,27.152364864864865,0.5524464771512927,600.0,16
EXT_BOLZANO_IEQ_BOLZANO_HOMECOACH_137_BOLZANO_IEQ_2024,BOLZANO_IEQ,BOLZANO_HOMECOACH,9,2400,21.6,21.6,21.6,0.0,300.0,0
EXT_BOLZANO_IEQ_BOLZANO_HOMECOACH_137_BOLZANO_IEQ_2025,BOLZANO_IEQ,BOLZANO_HOMECOACH,370,115800,25.4,26.6,25.820810810810812,0.3174635827455065,600.0,17
EXT_BOLZANO_IEQ_BOLZANO_HOMECOACH_138_BOLZANO_IEQ_2023,BOLZANO_IEQ,BOLZANO_HOMECOACH,796,245700,25.6,28.4,27.026758793969854,0.7484657990666072,600.0,24
EXT_BOLZANO_IEQ_BOLZANO_HOMECOACH_138_BOLZANO_IEQ_2024,BOLZANO_IEQ,BOLZANO_HOMECOACH,209,64800,21.5,22.8,21.876555023923448,0.3052579081908243,600.0,8
EXT_BOLZANO_IEQ_BOLZANO_HOMECOACH_138_BOLZANO_IEQ_2025,BOLZANO_IEQ,BOLZANO_HOMECOACH,22,6600,25.9,26.0,25.931818181818176,0.04657704893618065,600.0,1
EXT_BOLZANO_IEQ_BOLZANO_HOMECOACH_139_BOLZANO_IEQ_2023,BOLZANO_IEQ,BOLZANO_HOMECOACH,14,3900,26.7,26.9,26.835714285714285,0.07178482586514864,300.0,0
EXT_BOLZANO_IEQ_BOLZANO_HOMECOACH_139_BOLZANO_IEQ_2024,BOLZANO_IEQ,BOLZANO_HOMECOACH,39,12600,21.5,21.6,21.546153846153846,0.049851851526215026,600.0,4
EXT_BOLZANO_IEQ_BOLZANO_HOMECOACH_139_BOLZANO_IEQ_2025,BOLZANO_IEQ,BOLZANO_HOMECOACH,220,66600,25.6,27.9,26.28545454545454,0.5166036574037929,600.0,3
EXT_BOLZANO_IEQ_BOLZANO_HOMECOACH_140_BOLZANO_IEQ_2023,BOLZANO_IEQ,BOLZANO_HOMECOACH,92,27900,25.9,26.7,26.22934782608695,0.20564746294815606,600.0,2
EXT_BOLZANO_IEQ_BOLZANO_HOMECOACH_140_BOLZANO_IEQ_2024,BOLZANO_IEQ,BOLZANO_HOMECOACH,8,2100,21.4,21.5,21.4625,0.0484122918275934,300.0,0
EXT_BOLZANO_IEQ_BOLZANO_HOMECOACH_140_BOLZANO_IEQ_2025,BOLZANO_IEQ,BOLZANO_HOMECOACH,95,30000,25.6,26.5,26.24842105263158,0.22704655580773517,600.0,6
EXT_BOLZANO_IEQ_BOLZANO_HOMECOACH_141_BOLZANO_IEQ_2023,BOLZANO_IEQ,BOLZANO_HOMECOACH,472,146400,25.8,28.6,27.44512711864407,0.8333219111301848,600.0,17
EXT_BOLZANO_IEQ_BOLZANO_HOMECOACH_141_BOLZANO_IEQ_2024,BOLZANO_IEQ,BOLZANO_HOMECOACH,18,5400,21.4,21.5,21.416666666666664,0.037267799624997024,600.0,1
EXT_BOLZANO_IEQ_BOLZANO_HOMECOACH_141_BOLZANO_IEQ_2025,BOLZANO_IEQ,BOLZANO_HOMECOACH,32,9600,25.8,26.1,25.93125,0.10734727523323587,600.0,1
EXT_BOLZANO_IEQ_BOLZANO_HOMECOACH_142_BOLZANO_IEQ_2023,BOLZANO_IEQ,BOLZANO_HOMECOACH,877,270900,25.7,29.2,27.771151653363745,0.8125302463136835,600.0,27
EXT_BOLZANO_IEQ_BOLZANO_HOMECOACH_142_BOLZANO_IEQ_2024,BOLZANO_IEQ,BOLZANO_HOMECOACH,25,8700,21.4,21.5,21.407999999999998,0.027129319932501457,600.0,5
EXT_BOLZANO_IEQ_BOLZANO_HOMECOACH_142_BOLZANO_IEQ_2025,BOLZANO_IEQ,BOLZANO_HOMECOACH,185,57300,26.1,28.6,26.98702702702703,0.3636813638402097,600.0,7
EXT_BOLZANO_IEQ_BOLZANO_HOMECOACH_143_BOLZANO_IEQ_2023,BOLZANO_IEQ,BOLZANO_HOMECOACH,474,146100,24.7,28.6,27.092827004219405,0.7076668919682987,600.0,14
EXT_BOLZANO_IEQ_BOLZANO_HOMECOACH_143_BOLZANO_IEQ_2024,BOLZANO_IEQ,BOLZANO_HOMECOACH,27,8700,21.4,21.5,21.44814814814815,0.049965694678637894,600.0,3
EXT_BOLZANO_IEQ_BOLZANO_HOMECOACH_143_BOLZANO_IEQ_2025,BOLZANO_IEQ,BOLZANO_HOMECOACH,1,0,26.8,26.8,26.8,0.0,0.0,0
EXT_BOLZANO_IEQ_BOLZANO_HOMECOACH_144_BOLZANO_IEQ_2023,BOLZANO_IEQ,BOLZANO_HOMECOACH,643,201300,24.6,27.7,26.403265940902028,0.7527896708436799,600.0,29
EXT_BOLZANO_IEQ_BOLZANO_HOMECOACH_144_BOLZANO_IEQ_2024,BOLZANO_IEQ,BOLZANO_HOMECOACH,8,2700,21.4,21.5,21.4625,0.0484122918275934,600.0,2
EXT_BOLZANO_IEQ_BOLZANO_HOMECOACH_144_BOLZANO_IEQ_2025,BOLZANO_IEQ,BOLZANO_HOMECOACH,16,4800,26.7,26.8,26.74375,0.049607837082461775,600.0,1
EXT_BOLZANO_IEQ_BOLZANO_HOMECOACH_145_BOLZANO_IEQ_2023,BOLZANO_IEQ,BOLZANO_HOMECOACH,817,254700,23.9,27.4,25.949082007343943,0.7860330746850197,600.0,33
EXT_BOLZANO_IEQ_BOLZANO_HOMECOACH_145_BOLZANO_IEQ_2024,BOLZANO_IEQ,BOLZANO_HOMECOACH,3,600,21.6,21.6,21.600000000000005,3.552713678800501e-15,300.0,0
EXT_BOLZANO_IEQ_BOLZANO_HOMECOACH_145_BOLZANO_IEQ_2025,BOLZANO_IEQ,BOLZANO_HOMECOACH,249,76800,26.6,28.1,27.379518072289155,0.48389958037826375,600.0,8
EXT_BOLZANO_IEQ_BOLZANO_HOMECOACH_146_BOLZANO_IEQ_2023,BOLZANO_IEQ,BOLZANO_HOMECOACH,1321,405600,21.6,27.1,24.29568508705526,1.250763704626765,600.0,32
EXT_BOLZANO_IEQ_BOLZANO_HOMECOACH_146_BOLZANO_IEQ_2024,BOLZANO_IEQ,BOLZANO_HOMECOACH,141,45300,21.3,22.0,21.57304964539007,0.19346758579977535,600.0,11
EXT_BOLZANO_IEQ_BOLZANO_HOMECOACH_146_BOLZANO_IEQ_2025,BOLZANO_IEQ,BOLZANO_HOMECOACH,226,69000,27.2,28.6,27.888053097345136,0.4187937976716972,600.0,5
EXT_BOLZANO_IEQ_BOLZANO_HOMECOACH_147_BOLZANO_IEQ_2023,BOLZANO_IEQ,BOLZANO_HOMECOACH,560,174000,22.5,25.0,23.921785714285715,0.6151280561884687,600.0,21
EXT_BOLZANO_IEQ_BOLZANO_HOMECOACH_147_BOLZANO_IEQ_2024,BOLZANO_IEQ,BOLZANO_HOMECOACH,52,16500,21.1,21.3,21.19615384615384,0.07327907262791374,600.0,4
EXT_BOLZANO_IEQ_BOLZANO_HOMECOACH_147_BOLZANO_IEQ_2025,BOLZANO_IEQ,BOLZANO_HOMECOACH,51,16500,27.9,28.0,27.93921568627452,0.048823135678387884,600.0,5
EXT_BOLZANO_IEQ_BOLZANO_HOMECOACH_148_BOLZANO_IEQ_2023,BOLZANO_IEQ,BOLZANO_HOMECOACH,13,4200,24.7,24.7,24.699999999999996,3.552713678800501e-15,600.0,2
EXT_BOLZANO_IEQ_BOLZANO_HOMECOACH_148_BOLZANO_IEQ_2024,BOLZANO_IEQ,BOLZANO_HOMECOACH,229,70200,21.1,23.0,21.852401746724894,0.5025314912868047,600.0,6
EXT_BOLZANO_IEQ_BOLZANO_HOMECOACH_148_BOLZANO_IEQ_2025,BOLZANO_IEQ,BOLZANO_HOMECOACH,128,39300,27.8,28.8,28.100781250000004,0.2868187836394919,600.0,4
EXT_BOLZANO_IEQ_BOLZANO_HOMECOACH_149_BOLZANO_IEQ_2023,BOLZANO_IEQ,BOLZANO_HOMECOACH,2,300,24.7,24.7,24.7,0.0,300.0,0
EXT_BOLZANO_IEQ_BOLZANO_HOMECOACH_149_BOLZANO_IEQ_2024,BOLZANO_IEQ,BOLZANO_HOMECOACH,36,12000,21.7,21.8,21.70833333333334,0.027638539919628724,600.0,5
EXT_BOLZANO_IEQ_BOLZANO_HOMECOACH_149_BOLZANO_IEQ_2025,BOLZANO_IEQ,BOLZANO_HOMECOACH,169,54000,28.0,28.8,28.24497041420118,0.16744203010059022,600.0,12
EXT_BOLZANO_IEQ_BOLZANO_HOMECOACH_150_BOLZANO_IEQ_2023,BOLZANO_IEQ,BOLZANO_HOMECOACH,11,3600,24.6,24.7,24.61818181818182,0.03856946079199268,600.0,2
EXT_BOLZANO_IEQ_BOLZANO_HOMECOACH_150_BOLZANO_IEQ_2024,BOLZANO_IEQ,BOLZANO_HOMECOACH,272,83400,21.6,22.8,22.090808823529414,0.2684858281588535,600.0,7
EXT_BOLZANO_IEQ_BOLZANO_HOMECOACH_150_BOLZANO_IEQ_2025,BOLZANO_IEQ,BOLZANO_HOMECOACH,148,45900,28.0,28.7,28.318918918918918,0.22431618350581597,600.0,6
EXT_BOLZANO_IEQ_BOLZANO_HOMECOACH_151_BOLZANO_IEQ_2023,BOLZANO_IEQ,BOLZANO_HOMECOACH,22,7200,24.6,24.6,24.60000000000001,7.105427357601002e-15,600.0,3
EXT_BOLZANO_IEQ_BOLZANO_HOMECOACH_151_BOLZANO_IEQ_2024,BOLZANO_IEQ,BOLZANO_HOMECOACH,524,160500,21.6,23.8,22.341412213740462,0.4681279816236888,600.0,12
EXT_BOLZANO_IEQ_BOLZANO_HOMECOACH_151_BOLZANO_IEQ_2025,BOLZANO_IEQ,BOLZANO_HOMECOACH,60,18300,28.2,28.4,28.294999999999998,0.0739932429347435,600.0,2
EXT_BOLZANO_IEQ_BOLZANO_HOMECOACH_152_BOLZANO_IEQ_2023,BOLZANO_IEQ,BOLZANO_HOMECOACH,229,71100,21.7,25.0,24.154585152838422,0.7918462357614675,600.0,9
EXT_BOLZANO_IEQ_BOLZANO_HOMECOACH_152_BOLZANO_IEQ_2024,BOLZANO_IEQ,BOLZANO_HOMECOACH,254,77700,21.9,23.5,22.48858267716535,0.3147107768821181,600.0,6
EXT_BOLZANO_IEQ_BOLZANO_HOMECOACH_152_BOLZANO_IEQ_2025,BOLZANO_IEQ,BOLZANO_HOMECOACH,85,27000,28.1,28.3,28.12705882352941,0.051764705882352255,600.0,6
EXT_BOLZANO_IEQ_BOLZANO_HOMECOACH_153_BOLZANO_IEQ_2023,BOLZANO_IEQ,BOLZANO_HOMECOACH,4,900,24.2,24.2,24.2,0.0,300.0,0
EXT_BOLZANO_IEQ_BOLZANO_HOMECOACH_153_BOLZANO_IEQ_2024,BOLZANO_IEQ,BOLZANO_HOMECOACH,301,94200,20.9,22.5,21.53953488372093,0.5342101782668097,600.0,14
EXT_BOLZANO_IEQ_BOLZANO_HOMECOACH_153_BOLZANO_IEQ_2025,BOLZANO_IEQ,BOLZANO_HOMECOACH,348,112200,27.8,28.4,28.078160919540228,0.16776097347072147,600.0,27
EXT_BOLZANO_IEQ_BOLZANO_HOMECOACH_154_BOLZANO_IEQ_2023,BOLZANO_IEQ,BOLZANO_HOMECOACH,16,5700,24.1,24.1,24.1,0.0,600.0,4
EXT_BOLZANO_IEQ_BOLZANO_HOMECOACH_154_BOLZANO_IEQ_2024,BOLZANO_IEQ,BOLZANO_HOMECOACH,535,166800,20.3,22.4,21.155140186915887,0.43967567589508166,600.0,22
EXT_BOLZANO_IEQ_BOLZANO_HOMECOACH_154_BOLZANO_IEQ_2025,BOLZANO_IEQ,BOLZANO_HOMECOACH,31,9600,28.1,28.2,28.17741935483871,0.04181123031230788,600.0,2
EXT_BOLZANO_IEQ_BOLZANO_HOMECOACH_155_BOLZANO_IEQ_2023,BOLZANO_IEQ,BOLZANO_HOMECOACH,3,600,24.1,24.1,24.100000000000005,3.552713678800501e-15,300.0,0
EXT_BOLZANO_IEQ_BOLZANO_HOMECOACH_155_BOLZANO_IEQ_2024,BOLZANO_IEQ,BOLZANO_HOMECOACH,535,167100,21.0,22.9,21.646728971962617,0.42971795945089836,600.0,23
EXT_BOLZANO_IEQ_BOLZANO_HOMECOACH_155_BOLZANO_IEQ_2025,BOLZANO_IEQ,BOLZANO_HOMECOACH,88,28500,27.8,28.1,27.95681818181818,0.08229030450105376,600.0,8
EXT_BOLZANO_IEQ_BOLZANO_HOMECOACH_156_BOLZANO_IEQ_2023,BOLZANO_IEQ,BOLZANO_HOMECOACH,1092,338100,22.8,25.9,24.577380952380953,0.7082786939864398,600.0,36
EXT_BOLZANO_IEQ_BOLZANO_HOMECOACH_156_BOLZANO_IEQ_2024,BOLZANO_IEQ,BOLZANO_HOMECOACH,1,0,22.0,22.0,22.0,0.0,0.0,0
EXT_BOLZANO_IEQ_BOLZANO_HOMECOACH_156_BOLZANO_IEQ_2025,BOLZANO_IEQ,BOLZANO_HOMECOACH,10,3000,27.8,27.9,27.85,0.04999999999999894,600.0,1
EXT_BOLZANO_IEQ_BOLZANO_HOMECOACH_157_BOLZANO_IEQ_2023,BOLZANO_IEQ,BOLZANO_HOMECOACH,36,12300,24.7,24.8,24.747222222222227,0.04992277987669912,600.0,6
EXT_BOLZANO_IEQ_BOLZANO_HOMECOACH_157_BOLZANO_IEQ_2024,BOLZANO_IEQ,BOLZANO_HOMECOACH,539,167400,21.8,24.2,22.840445269016698,0.674967590969972,600.0,20
EXT_BOLZANO_IEQ_BOLZANO_HOMECOACH_157_BOLZANO_IEQ_2025,BOLZANO_IEQ,BOLZANO_HOMECOACH,154,51000,27.7,28.2,27.934415584415582,0.18529718850758184,600.0,17
EXT_BOLZANO_IEQ_BOLZANO_HOMECOACH_158_BOLZANO_IEQ_2023,BOLZANO_IEQ,BOLZANO_HOMECOACH,10,3000,24.6,24.7,24.61,0.02999999999999936,600.0,1
EXT_BOLZANO_IEQ_BOLZANO_HOMECOACH_158_BOLZANO_IEQ_2024,BOLZANO_IEQ,BOLZANO_HOMECOACH,44,13200,23.6,23.7,23.625,0.04330127018922102,600.0,1
EXT_BOLZANO_IEQ_BOLZANO_HOMECOACH_158_BOLZANO_IEQ_2025,BOLZANO_IEQ,BOLZANO_HOMECOACH,1,0,28.1,28.1,28.1,0.0,0.0,0
EXT_BOLZANO_IEQ_BOLZANO_HOMECOACH_159_BOLZANO_IEQ_2023,BOLZANO_IEQ,BOLZANO_HOMECOACH,214,66300,21.7,25.3,24.330373831775706,0.9617754466519272,600.0,8
EXT_BOLZANO_IEQ_BOLZANO_HOMECOACH_159_BOLZANO_IEQ_2024,BOLZANO_IEQ,BOLZANO_HOMECOACH,526,162300,23.2,26.7,24.618821292775664,0.7095273278036792,600.0,16
EXT_BOLZANO_IEQ_BOLZANO_HOMECOACH_159_BOLZANO_IEQ_2025,BOLZANO_IEQ,BOLZANO_HOMECOACH,89,29100,27.9,28.1,27.961797752808987,0.07111569617279499,600.0,9
EXT_BOLZANO_IEQ_BOLZANO_HOMECOACH_160_BOLZANO_IEQ_2023,BOLZANO_IEQ,BOLZANO_HOMECOACH,571,174300,23.5,25.5,24.63257443082312,0.49188531758017107,600.0,11
EXT_BOLZANO_IEQ_BOLZANO_HOMECOACH_160_BOLZANO_IEQ_2024,BOLZANO_IEQ,BOLZANO_HOMECOACH,468,144600,24.7,26.2,25.359615384615385,0.26159737270152245,600.0,15
EXT_BOLZANO_IEQ_BOLZANO_HOMECOACH_160_BOLZANO_IEQ_2025,BOLZANO_IEQ,BOLZANO_HOMECOACH,160,51300,27.8,28.4,28.053125,0.2444181547573743,600.0,12
EXT_BOLZANO_IEQ_BOLZANO_HOMECOACH_161_BOLZANO_IEQ_2023,BOLZANO_IEQ,BOLZANO_HOMECOACH,43,13500,24.6,24.7,24.63255813953488,0.04685916669676618,600.0,3
EXT_BOLZANO_IEQ_BOLZANO_HOMECOACH_161_BOLZANO_IEQ_2024,BOLZANO_IEQ,BOLZANO_HOMECOACH,131,39300,25.2,25.6,25.407633587786258,0.11499639596787864,600.0,1
EXT_BOLZANO_IEQ_BOLZANO_HOMECOACH_161_BOLZANO_IEQ_2025,BOLZANO_IEQ,BOLZANO_HOMECOACH,6,1500,28.4,28.4,28.400000000000002,3.552713678800501e-15,300.0,0
EXT_BOLZANO_IEQ_BOLZANO_HOMECOACH_162_BOLZANO_IEQ_2023,BOLZANO_IEQ,BOLZANO_HOMECOACH,543,167100,22.5,25.7,24.23222836095764,0.8485129486898635,600.0,15
EXT_BOLZANO_IEQ_BOLZANO_HOMECOACH_162_BOLZANO_IEQ_2024,BOLZANO_IEQ,BOLZANO_HOMECOACH,977,304500,22.3,25.4,23.80440122824974,0.7362878722534822,600.0,39
EXT_BOLZANO_IEQ_BOLZANO_HOMECOACH_162_BOLZANO_IEQ_2025,BOLZANO_IEQ,BOLZANO_HOMECOACH,83,26100,28.2,28.4,28.274698795180715,0.06178738026485844,600.0,5
EXT_BOLZANO_IEQ_BOLZANO_HOMECOACH_163_BOLZANO_IEQ_2023,BOLZANO_IEQ,BOLZANO_HOMECOACH,405,127800,24.0,25.6,24.622716049382717,0.4745134280988484,600.0,22
EXT_BOLZANO_IEQ_BOLZANO_HOMECOACH_163_BOLZANO_IEQ_2024,BOLZANO_IEQ,BOLZANO_HOMECOACH,154,48300,22.8,23.3,22.990909090909092,0.13739866932739886,600.0,8
EXT_BOLZANO_IEQ_BOLZANO_HOMECOACH_163_BOLZANO_IEQ_2025,BOLZANO_IEQ,BOLZANO_HOMECOACH,3,600,28.2,28.2,28.2,0.0,300.0,0
EXT_BOLZANO_IEQ_BOLZANO_HOMECOACH_164_BOLZANO_IEQ_2023,BOLZANO_IEQ,BOLZANO_HOMECOACH,1313,407100,21.4,25.5,24.12383853769992,0.7185836187874284,600.0,45
EXT_BOLZANO_IEQ_BOLZANO_HOMECOACH_164_BOLZANO_IEQ_2024,BOLZANO_IEQ,BOLZANO_HOMECOACH,9,2400,22.8,22.8,22.8,0.0,300.0,0
EXT_BOLZANO_IEQ_BOLZANO_HOMECOACH_164_BOLZANO_IEQ_2025,BOLZANO_IEQ,BOLZANO_HOMECOACH,12,4200,28.2,28.2,28.2,0.0,600.0,3
EXT_BOLZANO_IEQ_BOLZANO_HOMECOACH_165_BOLZANO_IEQ_2023,BOLZANO_IEQ,BOLZANO_HOMECOACH,148,46200,23.4,24.9,24.380405405405405,0.4518219548557819,600.0,7
EXT_BOLZANO_IEQ_BOLZANO_HOMECOACH_165_BOLZANO_IEQ_2024,BOLZANO_IEQ,BOLZANO_HOMECOACH,70,22500,22.8,22.9,22.82,0.03999999999999915,600.0,6
EXT_BOLZANO_IEQ_BOLZANO_HOMECOACH_165_BOLZANO_IEQ_2025,BOLZANO_IEQ,BOLZANO_HOMECOACH,53,16200,28.1,28.2,28.17735849056604,0.04185108115626106,600.0,2
EXT_BOLZANO_IEQ_BOLZANO_HOMECOACH_166_BOLZANO_IEQ_2023,BOLZANO_IEQ,BOLZANO_HOMECOACH,368,113100,22.4,24.8,24.070380434782614,0.5033775776732202,600.0,10
EXT_BOLZANO_IEQ_BOLZANO_HOMECOACH_166_BOLZANO_IEQ_2024,BOLZANO_IEQ,BOLZANO_HOMECOACH,2,300,22.8,22.8,22.8,0.0,300.0,0
EXT_BOLZANO_IEQ_BOLZANO_HOMECOACH_166_BOLZANO_IEQ_2025,BOLZANO_IEQ,BOLZANO_HOMECOACH,108,34200,28.2,28.8,28.583333333333343,0.23707320325946557,600.0,7
EXT_BOLZANO_IEQ_BOLZANO_HOMECOACH_167_BOLZANO_IEQ_2023,BOLZANO_IEQ,BOLZANO_HOMECOACH,6,1500,24.3,24.3,24.3,0.0,300.0,0
EXT_BOLZANO_IEQ_BOLZANO_HOMECOACH_167_BOLZANO_IEQ_2024,BOLZANO_IEQ,BOLZANO_HOMECOACH,5,1200,22.8,22.8,22.8,0.0,300.0,0
EXT_BOLZANO_IEQ_BOLZANO_HOMECOACH_167_BOLZANO_IEQ_2025,BOLZANO_IEQ,BOLZANO_HOMECOACH,3,600,28.8,28.8,28.8,0.0,300.0,0
EXT_BOLZANO_IEQ_BOLZANO_HOMECOACH_168_BOLZANO_IEQ_2023,BOLZANO_IEQ,BOLZANO_HOMECOACH,495,154200,21.3,24.8,23.67676767676768,0.727251402605435,600.0,20
EXT_BOLZANO_IEQ_BOLZANO_HOMECOACH_168_BOLZANO_IEQ_2024,BOLZANO_IEQ,BOLZANO_HOMECOACH,4,900,22.8,22.8,22.8,0.0,300.0,0
EXT_BOLZANO_IEQ_BOLZANO_HOMECOACH_168_BOLZANO_IEQ_2025,BOLZANO_IEQ,BOLZANO_HOMECOACH,65,20400,28.6,28.8,28.649230769230766,0.061075179203935265,600.0,4
EXT_BOLZANO_IEQ_BOLZANO_HOMECOACH_169_BOLZANO_IEQ_2023,BOLZANO_IEQ,BOLZANO_HOMECOACH,306,93600,22.0,24.0,23.173202614379086,0.4725824665659776,600.0,7
EXT_BOLZANO_IEQ_BOLZANO_HOMECOACH_169_BOLZANO_IEQ_2024,BOLZANO_IEQ,BOLZANO_HOMECOACH,139,43500,21.7,22.8,22.6410071942446,0.2070043094259266,600.0,7
EXT_BOLZANO_IEQ_BOLZANO_HOMECOACH_169_BOLZANO_IEQ_2025,BOLZANO_IEQ,BOLZANO_HOMECOACH,89,30600,28.6,28.7,28.61460674157303,0.03531737897865478,600.0,14
EXT_BOLZANO_IEQ_BOLZANO_HOMECOACH_170_BOLZANO_IEQ_2023,BOLZANO_IEQ,BOLZANO_HOMECOACH,227,70500,22.2,23.3,22.678854625550656,0.3174686650924918,600.0,9
EXT_BOLZANO_IEQ_BOLZANO_HOMECOACH_170_BOLZANO_IEQ_2024,BOLZANO_IEQ,BOLZANO_HOMECOACH,26,7500,22.5,22.6,22.51923076923077,0.03941134909984517,300.0,0
EXT_BOLZANO_IEQ_BOLZANO_HOMECOACH_170_BOLZANO_IEQ_2025,BOLZANO_IEQ,BOLZANO_HOMECOACH,86,27300,28.7,29.3,29.083720930232573,0.22612019088245147,600.0,6
EXT_BOLZANO_IEQ_BOLZANO_HOMECOACH_171_BOLZANO_IEQ_2023,BOLZANO_IEQ,BOLZANO_HOMECOACH,264,81600,21.2,22.5,22.040530303030305,0.16850867432910005,600.0,9
EXT_BOLZANO_IEQ_BOLZANO_HOMECOACH_171_BOLZANO_IEQ_2024,BOLZANO_IEQ,BOLZANO_HOMECOACH,23,6900,22.5,22.6,22.508695652173916,0.02817713347133892,600.0,1
EXT_BOLZANO_IEQ_BOLZANO_HOMECOACH_171_BOLZANO_IEQ_2025,BOLZANO_IEQ,BOLZANO_HOMECOACH,64,21000,28.9,29.3,29.0625,0.08569568250501351,600.0,7
EXT_BOLZANO_IEQ_BOLZANO_HOMECOACH_172_BOLZANO_IEQ_2023,BOLZANO_IEQ,BOLZANO_HOMECOACH,873,270000,20.4,23.5,21.76930126002291,0.7339089226343777,600.0,28
EXT_BOLZANO_IEQ_BOLZANO_HOMECOACH_172_BOLZANO_IEQ_2024,BOLZANO_IEQ,BOLZANO_HOMECOACH,13,3900,22.6,22.6,22.6,0.0,600.0,1
EXT_BOLZANO_IEQ_BOLZANO_HOMECOACH_172_BOLZANO_IEQ_2025,BOLZANO_IEQ,BOLZANO_HOMECOACH,31,10200,28.9,29.0,28.909677419354832,0.02956500448358648,600.0,4
EXT_BOLZANO_IEQ_BOLZANO_HOMECOACH_173_BOLZANO_IEQ_2023,BOLZANO_IEQ,BOLZANO_HOMECOACH,6,1800,22.8,22.8,22.8,0.0,600.0,1
EXT_BOLZANO_IEQ_BOLZANO_HOMECOACH_173_BOLZANO_IEQ_2024,BOLZANO_IEQ,BOLZANO_HOMECOACH,207,64500,22.6,23.4,22.981642512077297,0.19098323706562897,600.0,9
EXT_BOLZANO_IEQ_BOLZANO_HOMECOACH_173_BOLZANO_IEQ_2025,BOLZANO_IEQ,BOLZANO_HOMECOACH,63,19800,28.7,28.9,28.81428571428571,0.03926767262492943,600.0,4
EXT_BOLZANO_IEQ_BOLZANO_HOMECOACH_174_BOLZANO_IEQ_2023,BOLZANO_IEQ,BOLZANO_HOMECOACH,9,2400,22.6,22.8,22.7,0.047140452079103,300.0,0
EXT_BOLZANO_IEQ_BOLZANO_HOMECOACH_174_BOLZANO_IEQ_2024,BOLZANO_IEQ,BOLZANO_HOMECOACH,145,45900,22.8,23.9,23.185517241379316,0.39233682052187996,600.0,9
EXT_BOLZANO_IEQ_BOLZANO_HOMECOACH_174_BOLZANO_IEQ_2025,BOLZANO_IEQ,BOLZANO_HOMECOACH,185,58200,28.7,29.2,28.97027027027027,0.15114851272813443,600.0,10
EXT_BOLZANO_IEQ_BOLZANO_HOMECOACH_175_BOLZANO_IEQ_2023,BOLZANO_IEQ,BOLZANO_HOMECOACH,782,239700,18.8,23.3,22.16061381074169,0.6161580756035857,600.0,18
EXT_BOLZANO_IEQ_BOLZANO_HOMECOACH_175_BOLZANO_IEQ_2024,BOLZANO_IEQ,BOLZANO_HOMECOACH,661,207900,23.2,25.3,24.159304084720123,0.5939117227849429,600.0,33
EXT_BOLZANO_IEQ_BOLZANO_HOMECOACH_175_BOLZANO_IEQ_2025,BOLZANO_IEQ,BOLZANO_HOMECOACH,67,22800,28.7,28.9,28.804477611940303,0.07616328849058521,600.0,10
EXT_BOLZANO_IEQ_BOLZANO_HOMECOACH_176_BOLZANO_IEQ_2023,BOLZANO_IEQ,BOLZANO_HOMECOACH,60,19500,21.1,21.4,21.219999999999995,0.09092121131323856,600.0,6
EXT_BOLZANO_IEQ_BOLZANO_HOMECOACH_176_BOLZANO_IEQ_2024,BOLZANO_IEQ,BOLZANO_HOMECOACH,158,51300,24.8,25.8,25.222784810126576,0.3193939542275593,600.0,14
EXT_BOLZANO_IEQ_BOLZANO_HOMECOACH_176_BOLZANO_IEQ_2025,BOLZANO_IEQ,BOLZANO_HOMECOACH,134,42900,28.7,29.3,28.94626865671642,0.18952285587283574,600.0,10
EXT_BOLZANO_IEQ_BOLZANO_HOMECOACH_177_BOLZANO_IEQ_2023,BOLZANO_IEQ,BOLZANO_HOMECOACH,126,39900,21.0,22.2,21.586507936507935,0.3606328596520584,600.0,8
EXT_BOLZANO_IEQ_BOLZANO_HOMECOACH_177_BOLZANO_IEQ_2024,BOLZANO_IEQ,BOLZANO_HOMECOACH,447,141600,25.4,26.0,25.73914988814318,0.18767908350068285,600.0,26
EXT_BOLZANO_IEQ_BOLZANO_HOMECOACH_177_BOLZANO_IEQ_2025,BOLZANO_IEQ,BOLZANO_HOMECOACH,54,18300,28.7,29.0,28.859259259259254,0.0805502339664127,600.0,8
EXT_BOLZANO_IEQ_BOLZANO_HOMECOACH_178_BOLZANO_IEQ_2023,BOLZANO_IEQ,BOLZANO_HOMECOACH,2395,742500,18.6,22.9,21.187181628392487,0.692716800847254,600.0,81
EXT_BOLZANO_IEQ_BOLZANO_HOMECOACH_178_BOLZANO_IEQ_2024,BOLZANO_IEQ,BOLZANO_HOMECOACH,194,58800,25.8,26.6,26.157731958762888,0.22097956781342606,600.0,3
EXT_BOLZANO_IEQ_BOLZANO_HOMECOACH_178_BOLZANO_IEQ_2025,BOLZANO_IEQ,BOLZANO_HOMECOACH,5,1800,28.8,28.8,28.8,0.0,600.0,2
EXT_BOLZANO_IEQ_BOLZANO_HOMECOACH_179_BOLZANO_IEQ_2023,BOLZANO_IEQ,BOLZANO_HOMECOACH,735,225300,19.1,22.6,20.55469387755102,0.7725928657585566,600.0,17
EXT_BOLZANO_IEQ_BOLZANO_HOMECOACH_179_BOLZANO_IEQ_2024,BOLZANO_IEQ,BOLZANO_HOMECOACH,54,16500,25.6,26.0,25.937037037037047,0.09087291960285422,600.0,2
EXT_BOLZANO_IEQ_BOLZANO_HOMECOACH_179_BOLZANO_IEQ_2025,BOLZANO_IEQ,BOLZANO_HOMECOACH,2,600,28.8,28.8,28.8,0.0,600.0,1
EXT_BOLZANO_IEQ_BOLZANO_HOMECOACH_180_BOLZANO_IEQ_2023,BOLZANO_IEQ,BOLZANO_HOMECOACH,614,191400,20.4,23.0,21.34397394136808,0.6667446116551002,600.0,25
EXT_BOLZANO_IEQ_BOLZANO_HOMECOACH_180_BOLZANO_IEQ_2024,BOLZANO_IEQ,BOLZANO_HOMECOACH,54,17700,25.8,26.0,25.901851851851852,0.045095539488466264,600.0,6
EXT_BOLZANO_IEQ_BOLZANO_HOMECOACH_180_BOLZANO_IEQ_2025,BOLZANO_IEQ,BOLZANO_HOMECOACH,177,55800,28.5,29.1,28.74858757062147,0.2028350877926716,600.0,10
EXT_BOLZANO_IEQ_BOLZANO_HOMECOACH_181_BOLZANO_IEQ_2023,BOLZANO_IEQ,BOLZANO_HOMECOACH,35,10800,20.7,21.0,20.837142857142858,0.07959079015533742,600.0,2
EXT_BOLZANO_IEQ_BOLZANO_HOMECOACH_181_BOLZANO_IEQ_2024,BOLZANO_IEQ,BOLZANO_HOMECOACH,22,6900,25.8,26.0,25.886363636363637,0.05473452081269177,600.0,2
EXT_BOLZANO_IEQ_BOLZANO_HOMECOACH_181_BOLZANO_IEQ_2025,BOLZANO_IEQ,BOLZANO_HOMECOACH,66,20700,28.8,29.0,28.940909090909095,0.06508100483307457,600.0,4
EXT_BOLZANO_IEQ_BOLZANO_HOMECOACH_182_BOLZANO_IEQ_2023,BOLZANO_IEQ,BOLZANO_HOMECOACH,3,600,20.7,20.7,20.7,0.0,300.0,0
EXT_BOLZANO_IEQ_BOLZANO_HOMECOACH_182_BOLZANO_IEQ_2024,BOLZANO_IEQ,BOLZANO_HOMECOACH,25,8100,25.8,26.0,25.932,0.06764613810115118,600.0,3
EXT_BOLZANO_IEQ_BOLZANO_HOMECOACH_182_BOLZANO_IEQ_2025,BOLZANO_IEQ,BOLZANO_HOMECOACH,2,600,28.9,28.9,28.9,0.0,600.0,1
EXT_BOLZANO_IEQ_BOLZANO_HOMECOACH_183_BOLZANO_IEQ_2023,BOLZANO_IEQ,BOLZANO_HOMECOACH,279,85800,20.3,21.9,21.239068100358427,0.5001224140688932,600.0,8
EXT_BOLZANO_IEQ_BOLZANO_HOMECOACH_183_BOLZANO_IEQ_2024,BOLZANO_IEQ,BOLZANO_HOMECOACH,81,25500,25.6,26.0,25.74444444444444,0.1237280969517777,600.0,5
EXT_BOLZANO_IEQ_BOLZANO_HOMECOACH_183_BOLZANO_IEQ_2025,BOLZANO_IEQ,BOLZANO_HOMECOACH,44,15000,28.8,28.9,28.888636363636362,0.031736909190383286,600.0,7
EXT_BOLZANO_IEQ_BOLZANO_HOMECOACH_184_BOLZANO_IEQ_2023,BOLZANO_IEQ,BOLZANO_HOMECOACH,1661,515100,19.5,22.8,21.033895243829015,0.7344460607275783,600.0,57
EXT_BOLZANO_IEQ_BOLZANO_HOMECOACH_184_BOLZANO_IEQ_2024,BOLZANO_IEQ,BOLZANO_HOMECOACH,6,1500,25.6,25.6,25.599999999999998,3.552713678800501e-15,300.0,0
EXT_BOLZANO_IEQ_BOLZANO_HOMECOACH_184_BOLZANO_IEQ_2025,BOLZANO_IEQ,BOLZANO_HOMECOACH,12,4200,28.8,28.8,28.8,0.0,600.0,3
EXT_BOLZANO_IEQ_BOLZANO_HOMECOACH_185_BOLZANO_IEQ_2023,BOLZANO_IEQ,BOLZANO_HOMECOACH,197,59400,19.8,21.6,20.643654822335026,0.4406073826253406,600.0,2
EXT_BOLZANO_IEQ_BOLZANO_HOMECOACH_185_BOLZANO_IEQ_2024,BOLZANO_IEQ,BOLZANO_HOMECOACH,91,29700,25.3,25.6,25.44505494505495,0.06673506132171031,600.0,9
EXT_BOLZANO_IEQ_BOLZANO_HOMECOACH_185_BOLZANO_IEQ_2025,BOLZANO_IEQ,BOLZANO_HOMECOACH,3,1200,28.8,28.8,28.8,0.0,600.0,2
EXT_BOLZANO_IEQ_BOLZANO_HOMECOACH_186_BOLZANO_IEQ_2023,BOLZANO_IEQ,BOLZANO_HOMECOACH,117,38100,18.3,20.3,19.647863247863253,0.3011653407937813,600.0,11
EXT_BOLZANO_IEQ_BOLZANO_HOMECOACH_186_BOLZANO_IEQ_2024,BOLZANO_IEQ,BOLZANO_HOMECOACH,1,0,25.4,25.4,25.4,0.0,0.0,0
EXT_BOLZANO_IEQ_BOLZANO_HOMECOACH_186_BOLZANO_IEQ_2025,BOLZANO_IEQ,BOLZANO_HOMECOACH,16,5700,28.8,28.9,28.856250000000003,0.04960783708246001,600.0,4
EXT_BOLZANO_IEQ_BOLZANO_HOMECOACH_187_BOLZANO_IEQ_2023,BOLZANO_IEQ,BOLZANO_HOMECOACH,2315,716400,17.6,28.1,20.414557235421164,0.9445031196626087,600.0,74
EXT_BOLZANO_IEQ_BOLZANO_HOMECOACH_187_BOLZANO_IEQ_2024,BOLZANO_IEQ,BOLZANO_HOMECOACH,181,55500,25.4,25.8,25.511602209944755,0.09592916813453406,600.0,5
EXT_BOLZANO_IEQ_BOLZANO_HOMECOACH_187_BOLZANO_IEQ_2025,BOLZANO_IEQ,BOLZANO_HOMECOACH,4,900,28.9,28.9,28.9,0.0,300.0,0
EXT_BOLZANO_IEQ_BOLZANO_HOMECOACH_188_BOLZANO_IEQ_2023,BOLZANO_IEQ,BOLZANO_HOMECOACH,927,285600,18.4,21.8,19.739697950377558,0.7500730747759778,600.0,26
EXT_BOLZANO_IEQ_BOLZANO_HOMECOACH_188_BOLZANO_IEQ_2024,BOLZANO_IEQ,BOLZANO_HOMECOACH,297,94500,25.1,26.1,25.473737373737375,0.20329898298317092,600.0,19
EXT_BOLZANO_IEQ_BOLZANO_HOMECOACH_188_BOLZANO_IEQ_2025,BOLZANO_IEQ,BOLZANO_HOMECOACH,1,0,28.9,28.9,28.9,0.0,0.0,0
EXT_BOLZANO_IEQ_BOLZANO_HOMECOACH_189_BOLZANO_IEQ_2023,BOLZANO_IEQ,BOLZANO_HOMECOACH,564,172800,18.2,20.7,19.413297872340422,0.669696483010905,600.0,13
EXT_BOLZANO_IEQ_BOLZANO_HOMECOACH_189_BOLZANO_IEQ_2024,BOLZANO_IEQ,BOLZANO_HOMECOACH,2,300,25.4,25.4,25.4,0.0,300.0,0
EXT_BOLZANO_IEQ_BOLZANO_HOMECOACH_189_BOLZANO_IEQ_2025,BOLZANO_IEQ,BOLZANO_HOMECOACH,92,28500,28.9,29.5,29.252173913043485,0.2342788476365409,600.0,4
EXT_BOLZANO_IEQ_BOLZANO_HOMECOACH_190_BOLZANO_IEQ_2023,BOLZANO_IEQ,BOLZANO_HOMECOACH,830,253500,18.0,23.1,19.34,0.907433823801115,600.0,16
EXT_BOLZANO_IEQ_BOLZANO_HOMECOACH_190_BOLZANO_IEQ_2024,BOLZANO_IEQ,BOLZANO_HOMECOACH,72,21900,25.3,25.4,25.33055555555556,0.04606423319937958,600.0,2
EXT_BOLZANO_IEQ_BOLZANO_HOMECOACH_190_BOLZANO_IEQ_2025,BOLZANO_IEQ,BOLZANO_HOMECOACH,143,48900,29.2,29.4,29.2839160839161,0.04036606906199152,600.0,21
EXT_BOLZANO_IEQ_BOLZANO_HOMECOACH_191_BOLZANO_IEQ_2023,BOLZANO_IEQ,BOLZANO_HOMECOACH,2087,639900,16.5,21.1,18.756252994729273,0.737748000555289,600.0,47
EXT_BOLZANO_IEQ_BOLZANO_HOMECOACH_191_BOLZANO_IEQ_2024,BOLZANO_IEQ,BOLZANO_HOMECOACH,211,68400,25.2,25.7,25.468246445497634,0.12037168316601161,600.0,18
EXT_BOLZANO_IEQ_BOLZANO_HOMECOACH_191_BOLZANO_IEQ_2025,BOLZANO_IEQ,BOLZANO_HOMECOACH,2,600,29.3,29.3,29.3,0.0,600.0,1
EXT_BOLZANO_IEQ_BOLZANO_HOMECOACH_192_BOLZANO_IEQ_2023,BOLZANO_IEQ,BOLZANO_HOMECOACH,1511,467100,17.6,23.0,19.34407677035076,1.0558476939450876,600.0,47
EXT_BOLZANO_IEQ_BOLZANO_HOMECOACH_192_BOLZANO_IEQ_2024,BOLZANO_IEQ,BOLZANO_HOMECOACH,34,11100,25.2,25.3,25.294117647058822,0.02352941176470621,600.0,4
EXT_BOLZANO_IEQ_BOLZANO_HOMECOACH_192_BOLZANO_IEQ_2025,BOLZANO_IEQ,BOLZANO_HOMECOACH,264,85800,29.3,30.0,29.69393939393939,0.19723758007431563,600.0,23
EXT_BOLZANO_IEQ_BOLZANO_HOMECOACH_193_BOLZANO_IEQ_2023,BOLZANO_IEQ,BOLZANO_HOMECOACH,314,98400,18.5,21.2,19.440764331210197,0.7379568466499558,600.0,15
EXT_BOLZANO_IEQ_BOLZANO_HOMECOACH_193_BOLZANO_IEQ_2024,BOLZANO_IEQ,BOLZANO_HOMECOACH,4,1200,25.3,25.3,25.3,0.0,600.0,1
EXT_BOLZANO_IEQ_BOLZANO_HOMECOACH_193_BOLZANO_IEQ_2025,BOLZANO_IEQ,BOLZANO_HOMECOACH,187,59400,28.0,29.9,29.499465240641708,0.3911449430055894,600.0,12
EXT_BOLZANO_IEQ_BOLZANO_HOMECOACH_194_BOLZANO_IEQ_2023,BOLZANO_IEQ,BOLZANO_HOMECOACH,846,259800,17.4,20.8,19.009101654846333,0.6764878683331946,600.0,21
EXT_BOLZANO_IEQ_BOLZANO_HOMECOACH_194_BOLZANO_IEQ_2024,BOLZANO_IEQ,BOLZANO_HOMECOACH,83,26400,25.3,25.8,25.54819277108433,0.15933706470469053,600.0,6
EXT_BOLZANO_IEQ_BOLZANO_HOMECOACH_194_BOLZANO_IEQ_2025,BOLZANO_IEQ,BOLZANO_HOMECOACH,72,24600,29.4,29.4,29.400000000000002,3.552713678800501e-15,600.0,11
EXT_BOLZANO_IEQ_BOLZANO_HOMECOACH_195_BOLZANO_IEQ_2023,BOLZANO_IEQ,BOLZANO_HOMECOACH,1364,420900,17.8,21.6,19.39985337243402,0.7704589649186542,600.0,40
EXT_BOLZANO_IEQ_BOLZANO_HOMECOACH_195_BOLZANO_IEQ_2024,BOLZANO_IEQ,BOLZANO_HOMECOACH,68,21900,25.5,25.7,25.61176470588235,0.06537091403203743,600.0,6
EXT_BOLZANO_IEQ_BOLZANO_HOMECOACH_195_BOLZANO_IEQ_2025,BOLZANO_IEQ,BOLZANO_HOMECOACH,222,69300,28.8,31.0,29.656756756756753,0.44814364283844094,600.0,10
EXT_BOLZANO_IEQ_BOLZANO_HOMECOACH_196_BOLZANO_IEQ_2023,BOLZANO_IEQ,BOLZANO_HOMECOACH,54,16500,18.9,19.2,19.03518518518518,0.10568543017318771,600.0,2
EXT_BOLZANO_IEQ_BOLZANO_HOMECOACH_196_BOLZANO_IEQ_2024,BOLZANO_IEQ,BOLZANO_HOMECOACH,344,106500,24.8,26.8,25.826744186046515,0.3987405808772052,600.0,12
EXT_BOLZANO_IEQ_BOLZANO_HOMECOACH_196_BOLZANO_IEQ_2025,BOLZANO_IEQ,BOLZANO_HOMECOACH,38,12600,29.8,29.8,29.799999999999997,3.552713678800501e-15,600.0,5
EXT_BOLZANO_IEQ_BOLZANO_HOMECOACH_197_BOLZANO_IEQ_2023,BOLZANO_IEQ,BOLZANO_HOMECOACH,439,137400,17.8,20.1,19.148974943052394,0.4816851558324903,600.0,20
EXT_BOLZANO_IEQ_BOLZANO_HOMECOACH_197_BOLZANO_IEQ_2024,BOLZANO_IEQ,BOLZANO_HOMECOACH,1359,417900,24.7,28.4,26.46924208977189,0.6888977232558098,600.0,35
EXT_BOLZANO_IEQ_BOLZANO_HOMECOACH_197_BOLZANO_IEQ_2025,BOLZANO_IEQ,BOLZANO_HOMECOACH,819,256800,28.5,30.2,29.485958485958484,0.43898612596459674,600.0,38
EXT_BOLZANO_IEQ_BOLZANO_HOMECOACH_198_BOLZANO_IEQ_2023,BOLZANO_IEQ,BOLZANO_HOMECOACH,48,15000,18.6,19.2,18.868750000000002,0.18501829864457545,600.0,3
EXT_BOLZANO_IEQ_BOLZANO_HOMECOACH_198_BOLZANO_IEQ_2024,BOLZANO_IEQ,BOLZANO_HOMECOACH,620,193200,24.9,26.6,25.72967741935484,0.3946700040169757,600.0,25
EXT_BOLZANO_IEQ_BOLZANO_HOMECOACH_198_BOLZANO_IEQ_2025,BOLZANO_IEQ,BOLZANO_HOMECOACH,479,155700,27.7,29.9,28.750313152400835,0.30134511605643205,600.0,41
EXT_BOLZANO_IEQ_BOLZANO_HOMECOACH_199_BOLZANO_IEQ_2023,BOLZANO_IEQ,BOLZANO_HOMECOACH,11,3300,18.5,18.6,18.527272727272727,0.04453617714151296,600.0,1
EXT_BOLZANO_IEQ_BOLZANO_HOMECOACH_199_BOLZANO_IEQ_2024,BOLZANO_IEQ,BOLZANO_HOMECOACH,276,84300,25.7,26.6,26.204710144927535,0.2348594770390402,600.0,6
EXT_BOLZANO_IEQ_BOLZANO_HOMECOACH_199_BOLZANO_IEQ_2025,BOLZANO_IEQ,BOLZANO_HOMECOACH,1689,526500,25.6,30.1,27.659206631142688,0.9843052978681601,600.0,67
EXT_BOLZANO_IEQ_BOLZANO_HOMECOACH_200_BOLZANO_IEQ_2023,BOLZANO_IEQ,BOLZANO_HOMECOACH,336,103500,18.0,21.6,19.017559523809524,0.7469907861226631,600.0,10
EXT_BOLZANO_IEQ_BOLZANO_HOMECOACH_200_BOLZANO_IEQ_2024,BOLZANO_IEQ,BOLZANO_HOMECOACH,679,209400,24.7,27.5,25.82238586156112,0.4542058970483613,600.0,20
EXT_BOLZANO_IEQ_BOLZANO_HOMECOACH_200_BOLZANO_IEQ_2025,BOLZANO_IEQ,BOLZANO_HOMECOACH,544,169500,24.9,26.3,25.57297794117647,0.3502960295763252,600.0,22
EXT_BOLZANO_IEQ_BOLZANO_HOMECOACH_201_BOLZANO_IEQ_2023,BOLZANO_IEQ,BOLZANO_HOMECOACH,2,300,18.2,18.2,18.2,0.0,300.0,0
EXT_BOLZANO_IEQ_BOLZANO_HOMECOACH_201_BOLZANO_IEQ_2024,BOLZANO_IEQ,BOLZANO_HOMECOACH,749,233100,25.5,28.0,27.029906542056075,0.5370518511885782,600.0,29
EXT_BOLZANO_IEQ_BOLZANO_HOMECOACH_201_BOLZANO_IEQ_2025,BOLZANO_IEQ,BOLZANO_HOMECOACH,654,201600,24.7,27.2,25.920183486238535,0.5549796508125145,600.0,19
EXT_BOLZANO_IEQ_BOLZANO_HOMECOACH_202_BOLZANO_IEQ_2023,BOLZANO_IEQ,BOLZANO_HOMECOACH,238,74400,18.2,20.4,19.27857142857143,0.5293912561053652,600.0,11
EXT_BOLZANO_IEQ_BOLZANO_HOMECOACH_202_BOLZANO_IEQ_2024,BOLZANO_IEQ,BOLZANO_HOMECOACH,222,69300,25.6,27.8,27.374324324324316,0.27659161563713325,600.0,10
EXT_BOLZANO_IEQ_BOLZANO_HOMECOACH_202_BOLZANO_IEQ_2025,BOLZANO_IEQ,BOLZANO_HOMECOACH,473,146400,25.4,27.8,26.143128964059198,0.47276830616860466,600.0,16
EXT_BOLZANO_IEQ_BOLZANO_HOMECOACH_203_BOLZANO_IEQ_2023,BOLZANO_IEQ,BOLZANO_HOMECOACH,26,8100,18.4,18.5,18.415384615384614,0.03608012122941151,600.0,2
EXT_BOLZANO_IEQ_BOLZANO_HOMECOACH_203_BOLZANO_IEQ_2024,BOLZANO_IEQ,BOLZANO_HOMECOACH,232,71400,27.2,28.1,27.55387931034483,0.25911411263194767,600.0,7
EXT_BOLZANO_IEQ_BOLZANO_HOMECOACH_203_BOLZANO_IEQ_2025,BOLZANO_IEQ,BOLZANO_HOMECOACH,568,174600,24.3,27.8,26.625,0.4934875171445218,600.0,15
EXT_BOLZANO_IEQ_BOLZANO_HOMECOACH_204_BOLZANO_IEQ_2023,BOLZANO_IEQ,BOLZANO_HOMECOACH,256,78300,18.2,20.5,19.336328125,0.5253427022753665,600.0,6
EXT_BOLZANO_IEQ_BOLZANO_HOMECOACH_204_BOLZANO_IEQ_2024,BOLZANO_IEQ,BOLZANO_HOMECOACH,537,166500,26.8,28.3,27.65512104283054,0.3557152867630253,600.0,19
EXT_BOLZANO_IEQ_BOLZANO_HOMECOACH_204_BOLZANO_IEQ_2025,BOLZANO_IEQ,BOLZANO_HOMECOACH,223,69000,24.4,28.0,26.92914798206278,0.6702537439211528,600.0,8
EXT_BOLZANO_IEQ_BOLZANO_HOMECOACH_205_BOLZANO_IEQ_2023,BOLZANO_IEQ,BOLZANO_HOMECOACH,220,66900,18.4,20.4,19.40318181818182,0.4844292458294359,600.0,4
EXT_BOLZANO_IEQ_BOLZANO_HOMECOACH_205_BOLZANO_IEQ_2024,BOLZANO_IEQ,BOLZANO_HOMECOACH,261,80700,27.2,28.8,28.05019157088123,0.3372896842725692,600.0,9
EXT_BOLZANO_IEQ_BOLZANO_HOMECOACH_205_BOLZANO_IEQ_2025,BOLZANO_IEQ,BOLZANO_HOMECOACH,160,50700,26.3,27.9,27.099375000000002,0.44419827709593834,600.0,10
EXT_BOLZANO_IEQ_BOLZANO_HOMECOACH_206_BOLZANO_IEQ_2024,BOLZANO_IEQ,BOLZANO_HOMECOACH,583,179700,27.1,29.5,28.35780445969125,0.3497168413726038,600.0,17
EXT_BOLZANO_IEQ_BOLZANO_HOMECOACH_206_BOLZANO_IEQ_2025,BOLZANO_IEQ,BOLZANO_HOMECOACH,1933,597000,25.6,29.5,27.365442317640973,0.6471520428693496,600.0,58
EXT_BOLZANO_IEQ_BOLZANO_HOMECOACH_207_BOLZANO_IEQ_2024,BOLZANO_IEQ,BOLZANO_HOMECOACH,759,234300,26.6,29.0,28.25256916996047,0.42682220400550547,600.0,23
EXT_BOLZANO_IEQ_BOLZANO_HOMECOACH_207_BOLZANO_IEQ_2025,BOLZANO_IEQ,BOLZANO_HOMECOACH,411,125700,25.1,27.3,26.029683698296836,0.467425154061157,600.0,9
EXT_BOLZANO_IEQ_BOLZANO_HOMECOACH_208_BOLZANO_IEQ_2024,BOLZANO_IEQ,BOLZANO_HOMECOACH,624,192900,26.7,29.7,28.253044871794874,0.48369937743407504,600.0,20
EXT_BOLZANO_IEQ_BOLZANO_HOMECOACH_208_BOLZANO_IEQ_2025,BOLZANO_IEQ,BOLZANO_HOMECOACH,99,30000,25.8,26.2,26.01818181818182,0.11134044285378122,600.0,2
EXT_BOLZANO_IEQ_BOLZANO_HOMECOACH_209_BOLZANO_IEQ_2024,BOLZANO_IEQ,BOLZANO_HOMECOACH,1106,340800,26.7,29.4,28.116636528028934,0.48601963798076553,600.0,31
EXT_BOLZANO_IEQ_BOLZANO_HOMECOACH_209_BOLZANO_IEQ_2025,BOLZANO_IEQ,BOLZANO_HOMECOACH,212,66600,25.5,25.9,25.734433962264156,0.08122389494918067,600.0,11
EXT_BOLZANO_IEQ_BOLZANO_HOMECOACH_210_BOLZANO_IEQ_2024,BOLZANO_IEQ,BOLZANO_HOMECOACH,2816,869100,26.6,30.3,28.69364346590909,0.5996851144724252,600.0,82
EXT_BOLZANO_IEQ_BOLZANO_HOMECOACH_210_BOLZANO_IEQ_2025,BOLZANO_IEQ,BOLZANO_HOMECOACH,247,77100,25.1,26.5,25.84493927125507,0.3693257566575109,600.0,11
EXT_BOLZANO_IEQ_BOLZANO_HOMECOACH_211_BOLZANO_IEQ_2024,BOLZANO_IEQ,BOLZANO_HOMECOACH,569,175800,27.0,29.3,28.264674868189807,0.5312715867225782,600.0,18
EXT_BOLZANO_IEQ_BOLZANO_HOMECOACH_211_BOLZANO_IEQ_2025,BOLZANO_IEQ,BOLZANO_HOMECOACH,259,81000,24.6,26.6,25.789961389961388,0.3672600186369157,600.0,12
EXT_BOLZANO_IEQ_BOLZANO_HOMECOACH_212_BOLZANO_IEQ_2024,BOLZANO_IEQ,BOLZANO_HOMECOACH,206,64800,27.4,29.5,28.744174757281545,0.524580320970214,600.0,11
EXT_BOLZANO_IEQ_BOLZANO_HOMECOACH_212_BOLZANO_IEQ_2025,BOLZANO_IEQ,BOLZANO_HOMECOACH,314,96900,25.1,27.3,25.99171974522293,0.4805068692470125,600.0,10
EXT_BOLZANO_IEQ_BOLZANO_HOMECOACH_213_BOLZANO_IEQ_2024,BOLZANO_IEQ,BOLZANO_HOMECOACH,11,3000,28.7,28.8,28.709090909090904,0.028747978728803858,300.0,0
EXT_BOLZANO_IEQ_BOLZANO_HOMECOACH_213_BOLZANO_IEQ_2025,BOLZANO_IEQ,BOLZANO_HOMECOACH,385,120900,25.3,26.4,25.69298701298701,0.2558970213691891,600.0,19
EXT_BOLZANO_IEQ_BOLZANO_HOMECOACH_214_BOLZANO_IEQ_2024,BOLZANO_IEQ,BOLZANO_HOMECOACH,89,29400,28.6,28.7,28.696629213483142,0.018047616184504123,600.0,10
EXT_BOLZANO_IEQ_BOLZANO_HOMECOACH_214_BOLZANO_IEQ_2025,BOLZANO_IEQ,BOLZANO_HOMECOACH,131,41700,25.0,25.7,25.35038167938932,0.2162745095501296,600.0,9
EXT_BOLZANO_IEQ_BOLZANO_HOMECOACH_215_BOLZANO_IEQ_2024,BOLZANO_IEQ,BOLZANO_HOMECOACH,200,61500,28.8,30.3,29.4965,0.38695962321668653,600.0,6
EXT_BOLZANO_IEQ_BOLZANO_HOMECOACH_215_BOLZANO_IEQ_2025,BOLZANO_IEQ,BOLZANO_HOMECOACH,491,152700,24.5,26.0,25.1285132382892,0.33747841347259827,600.0,19
EXT_BOLZANO_IEQ_BOLZANO_HOMECOACH_216_BOLZANO_IEQ_2024,BOLZANO_IEQ,BOLZANO_HOMECOACH,7,2100,29.2,29.2,29.199999999999996,3.552713678800501e-15,600.0,1
EXT_BOLZANO_IEQ_BOLZANO_HOMECOACH_216_BOLZANO_IEQ_2025,BOLZANO_IEQ,BOLZANO_HOMECOACH,34,10500,24.8,25.1,24.955882352941178,0.08808811254042385,600.0,2
EXT_BOLZANO_IEQ_BOLZANO_HOMECOACH_217_BOLZANO_IEQ_2024,BOLZANO_IEQ,BOLZANO_HOMECOACH,406,126300,29.0,30.8,29.772167487684726,0.44537993027605427,600.0,16
EXT_BOLZANO_IEQ_BOLZANO_HOMECOACH_217_BOLZANO_IEQ_2025,BOLZANO_IEQ,BOLZANO_HOMECOACH,11,3000,24.7,24.8,24.745454545454546,0.04979295977319763,300.0,0
EXT_BOLZANO_IEQ_BOLZANO_HOMECOACH_218_BOLZANO_IEQ_2024,BOLZANO_IEQ,BOLZANO_HOMECOACH,136,42600,30.0,31.4,30.477941176470587,0.4221254302843331,600.0,7
EXT_BOLZANO_IEQ_BOLZANO_HOMECOACH_218_BOLZANO_IEQ_2025,BOLZANO_IEQ,BOLZANO_HOMECOACH,565,177000,24.2,27.1,25.63061946902655,0.750551753606769,600.0,26
EXT_BOLZANO_IEQ_BOLZANO_HOMECOACH_219_BOLZANO_IEQ_2024,BOLZANO_IEQ,BOLZANO_HOMECOACH,21,6900,30.0,30.0,30.0,0.0,600.0,3
EXT_BOLZANO_IEQ_BOLZANO_HOMECOACH_219_BOLZANO_IEQ_2025,BOLZANO_IEQ,BOLZANO_HOMECOACH,283,86700,25.6,27.3,26.56148409893993,0.44670041453737536,600.0,7
EXT_BOLZANO_IEQ_BOLZANO_HOMECOACH_220_BOLZANO_IEQ_2024,BOLZANO_IEQ,BOLZANO_HOMECOACH,789,246600,28.4,31.6,29.962737642585548,0.5299932882039268,600.0,34
EXT_BOLZANO_IEQ_BOLZANO_HOMECOACH_220_BOLZANO_IEQ_2025,BOLZANO_IEQ,BOLZANO_HOMECOACH,222,67500,26.2,27.9,27.007207207207205,0.6392156950614722,600.0,4
EXT_BOLZANO_IEQ_BOLZANO_HOMECOACH_221_BOLZANO_IEQ_2024,BOLZANO_IEQ,BOLZANO_HOMECOACH,508,159300,28.1,30.5,29.127165354330714,0.6179485971510391,600.0,24
EXT_BOLZANO_IEQ_BOLZANO_HOMECOACH_221_BOLZANO_IEQ_2025,BOLZANO_IEQ,BOLZANO_HOMECOACH,41,12300,27.1,27.2,27.185365853658535,0.035344821332168604,600.0,1
EXT_BOLZANO_IEQ_BOLZANO_HOMECOACH_222_BOLZANO_IEQ_2024,BOLZANO_IEQ,BOLZANO_HOMECOACH,33,9900,29.4,29.7,29.5030303030303,0.10584393452468543,600.0,1
EXT_BOLZANO_IEQ_BOLZANO_HOMECOACH_222_BOLZANO_IEQ_2025,BOLZANO_IEQ,BOLZANO_HOMECOACH,7,1800,27.1,27.2,27.15714285714285,0.04948716593053829,300.0,0
EXT_BOLZANO_IEQ_BOLZANO_HOMECOACH_223_BOLZANO_IEQ_2024,BOLZANO_IEQ,BOLZANO_HOMECOACH,1296,401100,26.9,29.5,28.380632716049384,0.5036164591651128,600.0,42
EXT_BOLZANO_IEQ_BOLZANO_HOMECOACH_223_BOLZANO_IEQ_2025,BOLZANO_IEQ,BOLZANO_HOMECOACH,14,4200,27.1,27.2,27.121428571428577,0.04103259033241361,600.0,1
EXT_BOLZANO_IEQ_BOLZANO_HOMECOACH_224_BOLZANO_IEQ_2024,BOLZANO_IEQ,BOLZANO_HOMECOACH,103,31200,27.1,29.0,28.567961165048548,0.2880175265139695,600.0,2
EXT_BOLZANO_IEQ_BOLZANO_HOMECOACH_224_BOLZANO_IEQ_2025,BOLZANO_IEQ,BOLZANO_HOMECOACH,251,78600,27.1,28.6,27.801195219123507,0.47574492409885816,600.0,12
EXT_BOLZANO_IEQ_BOLZANO_HOMECOACH_225_BOLZANO_IEQ_2024,BOLZANO_IEQ,BOLZANO_HOMECOACH,527,163200,27.7,30.7,28.89430740037951,0.5229875537776545,600.0,18
EXT_BOLZANO_IEQ_BOLZANO_HOMECOACH_225_BOLZANO_IEQ_2025,BOLZANO_IEQ,BOLZANO_HOMECOACH,550,170400,27.8,30.7,28.813454545454547,0.5897309654157971,600.0,19
EXT_BOLZANO_IEQ_BOLZANO_HOMECOACH_226_BOLZANO_IEQ_2024,BOLZANO_IEQ,BOLZANO_HOMECOACH,8,2400,29.3,29.3,29.3,0.0,600.0,1
EXT_BOLZANO_IEQ_BOLZANO_HOMECOACH_226_BOLZANO_IEQ_2025,BOLZANO_IEQ,BOLZANO_HOMECOACH,561,174300,28.7,30.5,29.45347593582888,0.38634380596618606,600.0,21
EXT_BOLZANO_IEQ_BOLZANO_HOMECOACH_227_BOLZANO_IEQ_2024,BOLZANO_IEQ,BOLZANO_HOMECOACH,27,9000,29.2,29.3,29.214814814814822,0.035524677950465086,600.0,4
EXT_BOLZANO_IEQ_BOLZANO_HOMECOACH_227_BOLZANO_IEQ_2025,BOLZANO_IEQ,BOLZANO_HOMECOACH,41,12300,29.8,29.9,29.836585365853658,0.04816687233690507,600.0,1
EXT_BOLZANO_IEQ_BOLZANO_HOMECOACH_228_BOLZANO_IEQ_2024,BOLZANO_IEQ,BOLZANO_HOMECOACH,304,94500,27.8,30.2,29.173355263157898,0.49932249372069865,600.0,12
EXT_BOLZANO_IEQ_BOLZANO_HOMECOACH_228_BOLZANO_IEQ_2025,BOLZANO_IEQ,BOLZANO_HOMECOACH,553,169800,29.2,30.3,29.806329113924054,0.29124614752325095,600.0,14
EXT_BOLZANO_IEQ_BOLZANO_HOMECOACH_229_BOLZANO_IEQ_2024,BOLZANO_IEQ,BOLZANO_HOMECOACH,658,202500,26.2,29.7,28.204103343465043,0.8334194776907318,600.0,18
EXT_BOLZANO_IEQ_BOLZANO_HOMECOACH_229_BOLZANO_IEQ_2025,BOLZANO_IEQ,BOLZANO_HOMECOACH,805,246900,28.6,30.5,29.57093167701863,0.38308943743087015,600.0,19
EXT_BOLZANO_IEQ_BOLZANO_HOMECOACH_230_BOLZANO_IEQ_2024,BOLZANO_IEQ,BOLZANO_HOMECOACH,1240,384000,27.0,29.7,28.420887096774187,0.5392116588681231,600.0,41
EXT_BOLZANO_IEQ_BOLZANO_HOMECOACH_230_BOLZANO_IEQ_2025,BOLZANO_IEQ,BOLZANO_HOMECOACH,470,144900,28.3,29.4,29.052978723404255,0.2462952292937042,600.0,14
EXT_BOLZANO_IEQ_BOLZANO_HOMECOACH_231_BOLZANO_IEQ_2024,BOLZANO_IEQ,BOLZANO_HOMECOACH,1065,330600,26.1,29.8,27.97830985915493,0.7820935895789861,600.0,38
EXT_BOLZANO_IEQ_BOLZANO_HOMECOACH_231_BOLZANO_IEQ_2025,BOLZANO_IEQ,BOLZANO_HOMECOACH,75,24600,28.6,28.9,28.742666666666658,0.09262589030911107,600.0,8
EXT_BOLZANO_IEQ_BOLZANO_HOMECOACH_232_BOLZANO_IEQ_2024,BOLZANO_IEQ,BOLZANO_HOMECOACH,995,306600,25.7,28.0,26.62281407035176,0.5469441104011705,600.0,28
EXT_BOLZANO_IEQ_BOLZANO_HOMECOACH_232_BOLZANO_IEQ_2025,BOLZANO_IEQ,BOLZANO_HOMECOACH,43,12900,28.4,28.6,28.502325581395358,0.05901663972302187,600.0,1
EXT_BOLZANO_IEQ_BOLZANO_HOMECOACH_233_BOLZANO_IEQ_2024,BOLZANO_IEQ,BOLZANO_HOMECOACH,2389,735600,20.6,26.9,23.447844286312264,1.8713993079088984,600.0,64
EXT_BOLZANO_IEQ_BOLZANO_HOMECOACH_233_BOLZANO_IEQ_2025,BOLZANO_IEQ,BOLZANO_HOMECOACH,242,74400,27.7,28.4,28.04876033057851,0.2085430381406091,600.0,7
EXT_BOLZANO_IEQ_BOLZANO_HOMECOACH_234_BOLZANO_IEQ_2024,BOLZANO_IEQ,BOLZANO_HOMECOACH,610,190200,21.0,23.1,21.845409836065574,0.44884578303960054,600.0,25
EXT_BOLZANO_IEQ_BOLZANO_HOMECOACH_234_BOLZANO_IEQ_2025,BOLZANO_IEQ,BOLZANO_HOMECOACH,293,90600,26.9,28.3,27.628668941979523,0.36192121447341474,600.0,10
EXT_BOLZANO_IEQ_BOLZANO_HOMECOACH_235_BOLZANO_IEQ_2024,BOLZANO_IEQ,BOLZANO_HOMECOACH,226,69900,20.9,22.2,21.588495575221238,0.3855239423919252,600.0,8
EXT_BOLZANO_IEQ_BOLZANO_HOMECOACH_235_BOLZANO_IEQ_2025,BOLZANO_IEQ,BOLZANO_HOMECOACH,1323,412500,26.2,28.1,27.00914588057445,0.36998021932891295,600.0,53
EXT_BOLZANO_IEQ_BOLZANO_HOMECOACH_236_BOLZANO_IEQ_2024,BOLZANO_IEQ,BOLZANO_HOMECOACH,528,167400,21.2,23.6,22.34090909090909,0.5169043263937999,600.0,31
EXT_BOLZANO_IEQ_BOLZANO_HOMECOACH_236_BOLZANO_IEQ_2025,BOLZANO_IEQ,BOLZANO_HOMECOACH,587,182100,25.2,27.2,26.554003407155022,0.39850250350976857,600.0,21
EXT_BOLZANO_IEQ_BOLZANO_HOMECOACH_237_BOLZANO_IEQ_2024,BOLZANO_IEQ,BOLZANO_HOMECOACH,565,173400,21.6,23.1,22.2729203539823,0.2910940042670556,600.0,14
EXT_BOLZANO_IEQ_BOLZANO_HOMECOACH_237_BOLZANO_IEQ_2025,BOLZANO_IEQ,BOLZANO_HOMECOACH,6,1500,26.1,26.1,26.099999999999998,3.552713678800501e-15,300.0,0
EXT_BOLZANO_IEQ_BOLZANO_HOMECOACH_238_BOLZANO_IEQ_2024,BOLZANO_IEQ,BOLZANO_HOMECOACH,55,18000,22.2,22.2,22.200000000000003,3.552713678800501e-15,600.0,6
EXT_BOLZANO_IEQ_BOLZANO_HOMECOACH_238_BOLZANO_IEQ_2025,BOLZANO_IEQ,BOLZANO_HOMECOACH,483,148500,24.4,26.6,25.85010351966874,0.42217884709174064,600.0,13
EXT_BOLZANO_IEQ_BOLZANO_HOMECOACH_239_BOLZANO_IEQ_2024,BOLZANO_IEQ,BOLZANO_HOMECOACH,226,69000,22.0,23.4,22.59601769911505,0.38158041132402226,600.0,5
EXT_BOLZANO_IEQ_BOLZANO_HOMECOACH_239_BOLZANO_IEQ_2025,BOLZANO_IEQ,BOLZANO_HOMECOACH,34,9900,25.6,25.8,25.71764705882353,0.04518321028158042,300.0,0
EXT_BOLZANO_IEQ_BOLZANO_HOMECOACH_240_BOLZANO_IEQ_2024,BOLZANO_IEQ,BOLZANO_HOMECOACH,278,87300,21.7,22.6,22.137769784172658,0.24607287674536069,600.0,14
EXT_BOLZANO_IEQ_BOLZANO_HOMECOACH_240_BOLZANO_IEQ_2025,BOLZANO_IEQ,BOLZANO_HOMECOACH,7,1800,25.6,25.6,25.599999999999998,3.552713678800501e-15,300.0,0
EXT_BOLZANO_IEQ_BOLZANO_HOMECOACH_241_BOLZANO_IEQ_2024,BOLZANO_IEQ,BOLZANO_HOMECOACH,814,249900,21.6,24.2,22.622481572481572,0.5468230640889615,600.0,20
EXT_BOLZANO_IEQ_BOLZANO_HOMECOACH_241_BOLZANO_IEQ_2025,BOLZANO_IEQ,BOLZANO_HOMECOACH,1993,622500,23.5,26.5,24.947616658304067,0.5450922205596713,600.0,83
EXT_BOLZANO_IEQ_BOLZANO_HOMECOACH_242_BOLZANO_IEQ_2024,BOLZANO_IEQ,BOLZANO_HOMECOACH,9,2400,22.3,22.4,22.311111111111114,0.031426968052734774,300.0,0
EXT_BOLZANO_IEQ_BOLZANO_HOMECOACH_242_BOLZANO_IEQ_2025,BOLZANO_IEQ,BOLZANO_HOMECOACH,33,9900,23.1,24.1,23.793939393939393,0.2963816069410621,600.0,1
EXT_BOLZANO_IEQ_BOLZANO_HOMECOACH_243_BOLZANO_IEQ_2024,BOLZANO_IEQ,BOLZANO_HOMECOACH,286,87000,21.4,22.3,21.876223776223778,0.2759492306498241,600.0,5
EXT_BOLZANO_IEQ_BOLZANO_HOMECOACH_243_BOLZANO_IEQ_2025,BOLZANO_IEQ,BOLZANO_HOMECOACH,189,60600,23.8,25.1,24.352910052910048,0.2639835199171115,600.0,14
EXT_BOLZANO_IEQ_BOLZANO_HOMECOACH_244_BOLZANO_IEQ_2024,BOLZANO_IEQ,BOLZANO_HOMECOACH,558,172800,20.4,21.9,21.122043010752687,0.33155134150970533,600.0,19
EXT_BOLZANO_IEQ_BOLZANO_HOMECOACH_244_BOLZANO_IEQ_2025,BOLZANO_IEQ,BOLZANO_HOMECOACH,26,8400,24.1,24.2,24.150000000000002,0.04999999999999894,600.0,3
EXT_BOLZANO_IEQ_BOLZANO_HOMECOACH_245_BOLZANO_IEQ_2024,BOLZANO_IEQ,BOLZANO_HOMECOACH,32,9900,21.0,21.1,21.06875,0.04635124054434855,600.0,2
EXT_BOLZANO_IEQ_BOLZANO_HOMECOACH_245_BOLZANO_IEQ_2025,BOLZANO_IEQ,BOLZANO_HOMECOACH,497,152700,22.7,24.3,23.650704225352115,0.3237178812517256,600.0,13
EXT_BOLZANO_IEQ_BOLZANO_HOMECOACH_246_BOLZANO_IEQ_2024,BOLZANO_IEQ,BOLZANO_HOMECOACH,219,66600,20.1,21.5,20.653881278538815,0.39496951453506357,600.0,4
EXT_BOLZANO_IEQ_BOLZANO_HOMECOACH_246_BOLZANO_IEQ_2025,BOLZANO_IEQ,BOLZANO_HOMECOACH,349,107700,22.0,24.5,23.468481375358163,0.5694548117317231,600.0,11
EXT_BOLZANO_IEQ_BOLZANO_HOMECOACH_247_BOLZANO_IEQ_2024,BOLZANO_IEQ,BOLZANO_HOMECOACH,269,84300,19.9,20.8,20.320446096654276,0.19829708541296526,600.0,13
EXT_BOLZANO_IEQ_BOLZANO_HOMECOACH_247_BOLZANO_IEQ_2025,BOLZANO_IEQ,BOLZANO_HOMECOACH,469,143700,22.8,24.8,23.849466950959492,0.3845978342506877,600.0,11
EXT_BOLZANO_IEQ_BOLZANO_HOMECOACH_248_BOLZANO_IEQ_2024,BOLZANO_IEQ,BOLZANO_HOMECOACH,98,30300,19.6,20.0,19.77959183673469,0.11602179921266807,600.0,4
EXT_BOLZANO_IEQ_BOLZANO_HOMECOACH_248_BOLZANO_IEQ_2025,BOLZANO_IEQ,BOLZANO_HOMECOACH,344,106800,23.3,25.2,23.97558139534884,0.38403792403319664,600.0,13
EXT_BOLZANO_IEQ_BOLZANO_HOMECOACH_249_BOLZANO_IEQ_2024,BOLZANO_IEQ,BOLZANO_HOMECOACH,214,69600,19.3,20.0,19.615420560747665,0.18769522110552975,600.0,19
EXT_BOLZANO_IEQ_BOLZANO_HOMECOACH_249_BOLZANO_IEQ_2025,BOLZANO_IEQ,BOLZANO_HOMECOACH,24,7500,23.9,23.9,23.899999999999995,3.552713678800501e-15,600.0,2
EXT_BOLZANO_IEQ_BOLZANO_HOMECOACH_250_BOLZANO_IEQ_2024,BOLZANO_IEQ,BOLZANO_HOMECOACH,1,0,19.3,19.3,19.3,0.0,0.0,0
EXT_BOLZANO_IEQ_BOLZANO_HOMECOACH_250_BOLZANO_IEQ_2025,BOLZANO_IEQ,BOLZANO_HOMECOACH,203,62400,23.7,25.8,24.713300492610834,0.6175355783210942,600.0,6
EXT_BOLZANO_IEQ_BOLZANO_HOMECOACH_251_BOLZANO_IEQ_2024,BOLZANO_IEQ,BOLZANO_HOMECOACH,10,3000,19.2,19.3,19.25,0.05000000000000071,600.0,1
EXT_BOLZANO_IEQ_BOLZANO_HOMECOACH_251_BOLZANO_IEQ_2025,BOLZANO_IEQ,BOLZANO_HOMECOACH,1165,360000,24.0,26.2,25.064549356223175,0.4515171263364458,600.0,36
EXT_BOLZANO_IEQ_BOLZANO_HOMECOACH_252_BOLZANO_IEQ_2024,BOLZANO_IEQ,BOLZANO_HOMECOACH,32,10800,19.1,19.2,19.18125,0.03903123748998916,600.0,5
EXT_BOLZANO_IEQ_BOLZANO_HOMECOACH_252_BOLZANO_IEQ_2025,BOLZANO_IEQ,BOLZANO_HOMECOACH,17,5400,24.8,24.9,24.858823529411765,0.049215295678473985,600.0,2
EXT_BOLZANO_IEQ_BOLZANO_HOMECOACH_253_BOLZANO_IEQ_2024,BOLZANO_IEQ,BOLZANO_HOMECOACH,6,1500,18.4,19.1,18.983333333333334,0.26087459737497654,300.0,0
EXT_BOLZANO_IEQ_BOLZANO_HOMECOACH_253_BOLZANO_IEQ_2025,BOLZANO_IEQ,BOLZANO_HOMECOACH,202,62700,24.4,26.4,25.61534653465346,0.6202938689638402,600.0,8
EXT_BOLZANO_IEQ_BOLZANO_HOMECOACH_254_BOLZANO_IEQ_2024,BOLZANO_IEQ,BOLZANO_HOMECOACH,926,286200,18.2,20.6,19.732937365010795,0.3052906598728231,600.0,29
EXT_BOLZANO_IEQ_BOLZANO_HOMECOACH_254_BOLZANO_IEQ_2025,BOLZANO_IEQ,BOLZANO_HOMECOACH,7,1800,25.7,25.7,25.699999999999996,3.552713678800501e-15,300.0,0
EXT_BOLZANO_IEQ_BOLZANO_HOMECOACH_255_BOLZANO_IEQ_2024,BOLZANO_IEQ,BOLZANO_HOMECOACH,554,171300,19.0,20.8,19.7456678700361,0.47419816968238115,600.0,18
EXT_BOLZANO_IEQ_BOLZANO_HOMECOACH_255_BOLZANO_IEQ_2025,BOLZANO_IEQ,BOLZANO_HOMECOACH,552,169800,24.6,27.0,25.809239130434783,0.45921104450605854,600.0,15
EXT_BOLZANO_IEQ_BOLZANO_HOMECOACH_256_BOLZANO_IEQ_2024,BOLZANO_IEQ,BOLZANO_HOMECOACH,41,15300,19.8,20.0,19.909756097560976,0.06553672606119212,600.0,11
EXT_BOLZANO_IEQ_BOLZANO_HOMECOACH_256_BOLZANO_IEQ_2025,BOLZANO_IEQ,BOLZANO_HOMECOACH,34,11400,25.2,25.3,25.273529411764713,0.04411764705882416,600.0,5
EXT_BOLZANO_IEQ_BOLZANO_HOMECOACH_257_BOLZANO_IEQ_2024,BOLZANO_IEQ,BOLZANO_HOMECOACH,505,156000,19.4,21.0,20.007920792079208,0.2840593886854696,600.0,16
EXT_BOLZANO_IEQ_BOLZANO_HOMECOACH_257_BOLZANO_IEQ_2025,BOLZANO_IEQ,BOLZANO_HOMECOACH,820,255600,22.5,25.2,23.615853658536587,0.7056340363235907,600.0,33
EXT_BOLZANO_IEQ_BOLZANO_HOMECOACH_258_BOLZANO_IEQ_2024,BOLZANO_IEQ,BOLZANO_HOMECOACH,38,11400,19.8,19.9,19.831578947368413,0.04648295192804031,600.0,1
EXT_BOLZANO_IEQ_BOLZANO_HOMECOACH_258_BOLZANO_IEQ_2025,BOLZANO_IEQ,BOLZANO_HOMECOACH,3,900,22.7,22.7,22.7,0.0,600.0,1
EXT_BOLZANO_IEQ_BOLZANO_HOMECOACH_259_BOLZANO_IEQ_2024,BOLZANO_IEQ,BOLZANO_HOMECOACH,253,78900,19.4,21.6,19.949407114624506,0.4418449062897571,600.0,11
EXT_BOLZANO_IEQ_BOLZANO_HOMECOACH_259_BOLZANO_IEQ_2025,BOLZANO_IEQ,BOLZANO_HOMECOACH,32,9900,22.6,22.7,22.640625,0.0491132301421918,600.0,2
EXT_BOLZANO_IEQ_BOLZANO_HOMECOACH_260_BOLZANO_IEQ_2024,BOLZANO_IEQ,BOLZANO_HOMECOACH,240,74100,19.2,20.3,19.817083333333336,0.22267276376382947,600.0,8
EXT_BOLZANO_IEQ_BOLZANO_HOMECOACH_260_BOLZANO_IEQ_2025,BOLZANO_IEQ,BOLZANO_HOMECOACH,105,33600,22.2,22.7,22.398095238095234,0.11545434255765152,600.0,8
EXT_BOLZANO_IEQ_BOLZANO_HOMECOACH_261_BOLZANO_IEQ_2024,BOLZANO_IEQ,BOLZANO_HOMECOACH,24,7200,19.7,19.8,19.7875,0.03307189138830785,600.0,1
EXT_BOLZANO_IEQ_BOLZANO_HOMECOACH_261_BOLZANO_IEQ_2025,BOLZANO_IEQ,BOLZANO_HOMECOACH,409,125400,21.5,23.9,22.061858190709053,0.41572097732778585,600.0,10
EXT_BOLZANO_IEQ_BOLZANO_HOMECOACH_262_BOLZANO_IEQ_2024,BOLZANO_IEQ,BOLZANO_HOMECOACH,35,11100,19.6,19.7,19.674285714285716,0.04370588154508008,600.0,3
EXT_BOLZANO_IEQ_BOLZANO_HOMECOACH_262_BOLZANO_IEQ_2025,BOLZANO_IEQ,BOLZANO_HOMECOACH,277,85200,20.0,22.9,21.687003610108302,0.6303205676776766,600.0,8
EXT_BOLZANO_IEQ_BOLZANO_HOMECOACH_263_BOLZANO_IEQ_2024,BOLZANO_IEQ,BOLZANO_HOMECOACH,13,3900,19.6,19.6,19.599999999999998,3.552713678800501e-15,600.0,1
EXT_BOLZANO_IEQ_BOLZANO_HOMECOACH_263_BOLZANO_IEQ_2025,BOLZANO_IEQ,BOLZANO_HOMECOACH,570,177900,20.9,23.4,21.625964912280704,0.5645301093678591,600.0,24
EXT_BOLZANO_IEQ_BOLZANO_HOMECOACH_264_BOLZANO_IEQ_2024,BOLZANO_IEQ,BOLZANO_HOMECOACH,270,84900,19.6,21.2,20.216296296296296,0.39114407829632614,600.0,14
EXT_BOLZANO_IEQ_BOLZANO_HOMECOACH_264_BOLZANO_IEQ_2025,BOLZANO_IEQ,BOLZANO_HOMECOACH,520,159900,20.8,22.3,21.33596153846154,0.37748540275080955,600.0,14
EXT_BOLZANO_IEQ_BOLZANO_HOMECOACH_265_BOLZANO_IEQ_2024,BOLZANO_IEQ,BOLZANO_HOMECOACH,529,162600,19.6,20.6,19.958223062381855,0.25621473773199593,600.0,14
EXT_BOLZANO_IEQ_BOLZANO_HOMECOACH_265_BOLZANO_IEQ_2025,BOLZANO_IEQ,BOLZANO_HOMECOACH,22,7500,20.7,20.8,20.78181818181818,0.038569460791994054,600.0,4
EXT_BOLZANO_IEQ_BOLZANO_HOMECOACH_266_BOLZANO_IEQ_2024,BOLZANO_IEQ,BOLZANO_HOMECOACH,39,12000,19.8,19.9,19.84102564102563,0.04918801562371915,600.0,2
EXT_BOLZANO_IEQ_BOLZANO_HOMECOACH_266_BOLZANO_IEQ_2025,BOLZANO_IEQ,BOLZANO_HOMECOACH,859,264000,19.8,22.7,20.607799767171127,0.5878452014445746,600.0,22
EXT_BOLZANO_IEQ_BOLZANO_HOMECOACH_267_BOLZANO_IEQ_2024,BOLZANO_IEQ,BOLZANO_HOMECOACH,500,152100,19.8,22.3,20.518,0.6489345113337709,600.0,8
EXT_BOLZANO_IEQ_BOLZANO_HOMECOACH_267_BOLZANO_IEQ_2025,BOLZANO_IEQ,BOLZANO_HOMECOACH,13,3600,19.8,19.8,19.800000000000004,3.552713678800501e-15,300.0,0
EXT_BOLZANO_IEQ_BOLZANO_HOMECOACH_268_BOLZANO_IEQ_2024,BOLZANO_IEQ,BOLZANO_HOMECOACH,266,82500,20.5,22.8,21.484962406015036,0.6839729406556214,600.0,10
EXT_BOLZANO_IEQ_BOLZANO_HOMECOACH_268_BOLZANO_IEQ_2025,BOLZANO_IEQ,BOLZANO_HOMECOACH,549,171000,19.5,21.9,20.470673952641164,0.6116623868427611,600.0,22
EXT_BOLZANO_IEQ_BOLZANO_HOMECOACH_269_BOLZANO_IEQ_2024,BOLZANO_IEQ,BOLZANO_HOMECOACH,303,96300,21.0,23.2,21.839603960396044,0.5667484482102016,600.0,19
EXT_BOLZANO_IEQ_BOLZANO_HOMECOACH_269_BOLZANO_IEQ_2025,BOLZANO_IEQ,BOLZANO_HOMECOACH,206,63000,20.1,22.7,21.062621359223307,0.789808212144548,600.0,5
EXT_BOLZANO_IEQ_BOLZANO_HOMECOACH_270_BOLZANO_IEQ_2024,BOLZANO_IEQ,BOLZANO_HOMECOACH,222,68400,21.3,21.8,21.514414414414418,0.13038186938488353,600.0,7
EXT_BOLZANO_IEQ_BOLZANO_HOMECOACH_270_BOLZANO_IEQ_2025,BOLZANO_IEQ,BOLZANO_HOMECOACH,38,11700,20.6,20.7,20.647368421052636,0.0499306998973944,600.0,2
EXT_BOLZANO_IEQ_BOLZANO_HOMECOACH_271_BOLZANO_IEQ_2024,BOLZANO_IEQ,BOLZANO_HOMECOACH,257,79500,21.2,21.9,21.50272373540856,0.19153377840296262,600.0,9
EXT_BOLZANO_IEQ_BOLZANO_HOMECOACH_271_BOLZANO_IEQ_2025,BOLZANO_IEQ,BOLZANO_HOMECOACH,563,176400,20.2,22.5,20.834991119005327,0.47730124048261524,600.0,26
EXT_BOLZANO_IEQ_BOLZANO_HOMECOACH_272_BOLZANO_IEQ_2024,BOLZANO_IEQ,BOLZANO_HOMECOACH,42,14400,21.4,21.6,21.49285714285714,0.06687891383423018,600.0,7
EXT_BOLZANO_IEQ_BOLZANO_HOMECOACH_272_BOLZANO_IEQ_2025,BOLZANO_IEQ,BOLZANO_HOMECOACH,59,17700,20.6,20.7,20.6322033898305,0.04672558899013535,600.0,1
EXT_BOLZANO_IEQ_BOLZANO_HOMECOACH_273_BOLZANO_IEQ_2024,BOLZANO_IEQ,BOLZANO_HOMECOACH,258,81900,21.0,23.2,21.70232558139535,0.49883043308673436,600.0,16
EXT_BOLZANO_IEQ_BOLZANO_HOMECOACH_273_BOLZANO_IEQ_2025,BOLZANO_IEQ,BOLZANO_HOMECOACH,206,65400,20.6,23.1,21.603398058252427,0.7111034136119713,600.0,13
EXT_BOLZANO_IEQ_BOLZANO_HOMECOACH_274_BOLZANO_IEQ_2024,BOLZANO_IEQ,BOLZANO_HOMECOACH,531,163200,21.0,22.8,21.561958568738234,0.3720244486238048,600.0,14
EXT_BOLZANO_IEQ_BOLZANO_HOMECOACH_274_BOLZANO_IEQ_2025,BOLZANO_IEQ,BOLZANO_HOMECOACH,533,165000,20.7,23.3,21.684803001876173,0.6565114813689288,600.0,18
EXT_BOLZANO_IEQ_BOLZANO_HOMECOACH_275_BOLZANO_IEQ_2024,BOLZANO_IEQ,BOLZANO_HOMECOACH,89,29400,21.6,21.7,21.63707865168539,0.04830153991057129,600.0,10
EXT_BOLZANO_IEQ_BOLZANO_HOMECOACH_275_BOLZANO_IEQ_2025,BOLZANO_IEQ,BOLZANO_HOMECOACH,312,97800,20.7,23.0,21.561538461538465,0.5504032948504656,600.0,15
EXT_BOLZANO_IEQ_BOLZANO_HOMECOACH_276_BOLZANO_IEQ_2024,BOLZANO_IEQ,BOLZANO_HOMECOACH,245,75300,21.1,23.3,21.862448979591832,0.4440745047447162,600.0,7
EXT_BOLZANO_IEQ_BOLZANO_HOMECOACH_276_BOLZANO_IEQ_2025,BOLZANO_IEQ,BOLZANO_HOMECOACH,185,56100,20.4,23.0,21.33081081081081,0.62130802900828,600.0,3
EXT_BOLZANO_IEQ_BOLZANO_HOMECOACH_277_BOLZANO_IEQ_2024,BOLZANO_IEQ,BOLZANO_HOMECOACH,308,94800,20.9,22.9,21.846428571428568,0.43501780613120405,600.0,9
EXT_BOLZANO_IEQ_BOLZANO_HOMECOACH_277_BOLZANO_IEQ_2025,BOLZANO_IEQ,BOLZANO_HOMECOACH,45,14100,21.3,21.6,21.38666666666666,0.0956846672960486,600.0,3
EXT_BOLZANO_IEQ_BOLZANO_HOMECOACH_278_BOLZANO_IEQ_2024,BOLZANO_IEQ,BOLZANO_HOMECOACH,527,163500,21.1,23.1,21.89335863377609,0.4252619579293338,600.0,19
EXT_BOLZANO_IEQ_BOLZANO_HOMECOACH_278_BOLZANO_IEQ_2025,BOLZANO_IEQ,BOLZANO_HOMECOACH,250,77400,20.7,22.6,21.456,0.5286057131738174,600.0,9
EXT_BOLZANO_IEQ_BOLZANO_HOMECOACH_279_BOLZANO_IEQ_2024,BOLZANO_IEQ,BOLZANO_HOMECOACH,295,91800,21.3,23.5,21.981355932203392,0.663190689214964,600.0,12
EXT_BOLZANO_IEQ_BOLZANO_HOMECOACH_279_BOLZANO_IEQ_2025,BOLZANO_IEQ,BOLZANO_HOMECOACH,347,109500,20.9,23.0,21.512103746397695,0.5897519731319715,600.0,19
EXT_BOLZANO_IEQ_BOLZANO_HOMECOACH_280_BOLZANO_IEQ_2024,BOLZANO_IEQ,BOLZANO_HOMECOACH,133,41700,20.6,23.6,22.279699248120295,0.8616961241065128,600.0,7
EXT_BOLZANO_IEQ_BOLZANO_HOMECOACH_280_BOLZANO_IEQ_2025,BOLZANO_IEQ,BOLZANO_HOMECOACH,284,87900,20.2,23.5,21.12676056338028,0.77722107835669,600.0,10
EXT_BOLZANO_IEQ_BOLZANO_HOMECOACH_281_BOLZANO_IEQ_2024,BOLZANO_IEQ,BOLZANO_HOMECOACH,102,32100,20.0,22.4,21.480392156862735,0.4004994958960559,600.0,6
EXT_BOLZANO_IEQ_BOLZANO_HOMECOACH_281_BOLZANO_IEQ_2025,BOLZANO_IEQ,BOLZANO_HOMECOACH,180,54000,20.1,22.3,20.897222222222226,0.42784090443314643,600.0,1
EXT_BOLZANO_IEQ_BOLZANO_HOMECOACH_282_BOLZANO_IEQ_2024,BOLZANO_IEQ,BOLZANO_HOMECOACH,217,67200,20.3,22.1,21.084331797235027,0.42440920232316554,600.0,8
EXT_BOLZANO_IEQ_BOLZANO_HOMECOACH_282_BOLZANO_IEQ_2025,BOLZANO_IEQ,BOLZANO_HOMECOACH,595,186000,19.6,21.4,20.438655462184872,0.3603707809757733,600.0,26
EXT_BOLZANO_IEQ_BOLZANO_HOMECOACH_283_BOLZANO_IEQ_2024,BOLZANO_IEQ,BOLZANO_HOMECOACH,14,3900,20.7,20.7,20.699999999999996,3.552713678800501e-15,300.0,0
EXT_BOLZANO_IEQ_BOLZANO_HOMECOACH_283_BOLZANO_IEQ_2025,BOLZANO_IEQ,BOLZANO_HOMECOACH,26,7500,20.0,20.1,20.08076923076923,0.03941134909984517,300.0,0
EXT_BOLZANO_IEQ_BOLZANO_HOMECOACH_284_BOLZANO_IEQ_2024,BOLZANO_IEQ,BOLZANO_HOMECOACH,3,600,20.7,20.7,20.7,0.0,300.0,0
EXT_BOLZANO_IEQ_BOLZANO_HOMECOACH_284_BOLZANO_IEQ_2025,BOLZANO_IEQ,BOLZANO_HOMECOACH,14,4200,20.0,20.0,20.0,0.0,600.0,1
EXT_BOLZANO_IEQ_BOLZANO_HOMECOACH_285_BOLZANO_IEQ_2024,BOLZANO_IEQ,BOLZANO_HOMECOACH,255,79200,19.6,20.7,20.24274509803922,0.32007400143957254,600.0,10
EXT_BOLZANO_IEQ_BOLZANO_HOMECOACH_285_BOLZANO_IEQ_2025,BOLZANO_IEQ,BOLZANO_HOMECOACH,973,306300,19.4,21.8,20.08972250770812,0.5511990341135304,600.0,49
EXT_BOLZANO_IEQ_BOLZANO_HOMECOACH_286_BOLZANO_IEQ_2024,BOLZANO_IEQ,BOLZANO_HOMECOACH,345,108900,19.5,21.3,20.170144927536235,0.396149923141107,600.0,19
EXT_BOLZANO_IEQ_BOLZANO_HOMECOACH_286_BOLZANO_IEQ_2025,BOLZANO_IEQ,BOLZANO_HOMECOACH,396,123300,19.4,21.6,20.01969696969697,0.5176831731557393,600.0,16
EXT_BOLZANO_IEQ_BOLZANO_HOMECOACH_287_BOLZANO_IEQ_2024,BOLZANO_IEQ,BOLZANO_HOMECOACH,27,8100,19.8,20.1,19.829629629629633,0.08526566246830632,600.0,1
EXT_BOLZANO_IEQ_BOLZANO_HOMECOACH_287_BOLZANO_IEQ_2025,BOLZANO_IEQ,BOLZANO_HOMECOACH,226,69000,19.4,21.4,20.0212389380531,0.5688758247373091,600.0,5
EXT_BOLZANO_IEQ_BOLZANO_HOMECOACH_288_BOLZANO_IEQ_2024,BOLZANO_IEQ,BOLZANO_HOMECOACH,169,51900,19.2,20.8,20.034911242603552,0.45132299713556184,600.0,5
EXT_BOLZANO_IEQ_BOLZANO_HOMECOACH_288_BOLZANO_IEQ_2025,BOLZANO_IEQ,BOLZANO_HOMECOACH,129,39300,19.1,20.8,19.399224806201552,0.41306119899275756,600.0,3
EXT_BOLZANO_IEQ_BOLZANO_HOMECOACH_289_BOLZANO_IEQ_2024,BOLZANO_IEQ,BOLZANO_HOMECOACH,330,101100,19.0,21.5,20.096969696969698,0.5391265936032196,600.0,8
EXT_BOLZANO_IEQ_BOLZANO_HOMECOACH_289_BOLZANO_IEQ_2025,BOLZANO_IEQ,BOLZANO_HOMECOACH,236,75300,19.1,21.4,19.878813559322033,0.687090610918789,600.0,16
EXT_BOLZANO_IEQ_BOLZANO_HOMECOACH_290_BOLZANO_IEQ_2024,BOLZANO_IEQ,BOLZANO_HOMECOACH,588,182400,18.8,20.5,19.466326530612246,0.41644197745741685,600.0,21
EXT_BOLZANO_IEQ_BOLZANO_HOMECOACH_290_BOLZANO_IEQ_2025,BOLZANO_IEQ,BOLZANO_HOMECOACH,148,46200,18.7,21.6,19.44324324324324,0.715103674411654,600.0,7
EXT_BOLZANO_IEQ_BOLZANO_HOMECOACH_291_BOLZANO_IEQ_2024,BOLZANO_IEQ,BOLZANO_HOMECOACH,6,1800,18.7,18.8,18.750000000000004,0.05000000000000071,600.0,1
EXT_BOLZANO_IEQ_BOLZANO_HOMECOACH_291_BOLZANO_IEQ_2025,BOLZANO_IEQ,BOLZANO_HOMECOACH,305,94800,18.4,19.6,18.881639344262293,0.2721931590416595,600.0,12
EXT_BOLZANO_IEQ_BOLZANO_HOMECOACH_292_BOLZANO_IEQ_2024,BOLZANO_IEQ,BOLZANO_HOMECOACH,117,35400,18.7,20.5,19.601709401709414,0.6118464286933204,600.0,2
EXT_BOLZANO_IEQ_BOLZANO_HOMECOACH_292_BOLZANO_IEQ_2025,BOLZANO_IEQ,BOLZANO_HOMECOACH,24,7500,18.6,18.6,18.6,0.0,600.0,2
EXT_BOLZANO_IEQ_BOLZANO_HOMECOACH_293_BOLZANO_IEQ_2024,BOLZANO_IEQ,BOLZANO_HOMECOACH,55,16500,19.0,19.5,19.28545454545454,0.1354026746320788,600.0,1
EXT_BOLZANO_IEQ_BOLZANO_HOMECOACH_293_BOLZANO_IEQ_2025,BOLZANO_IEQ,BOLZANO_HOMECOACH,2,600,18.6,18.6,18.6,0.0,600.0,1
EXT_BOLZANO_IEQ_BOLZANO_HOMECOACH_294_BOLZANO_IEQ_2024,BOLZANO_IEQ,BOLZANO_HOMECOACH,8,2700,19.2,19.2,19.2,0.0,600.0,2
EXT_BOLZANO_IEQ_BOLZANO_HOMECOACH_294_BOLZANO_IEQ_2025,BOLZANO_IEQ,BOLZANO_HOMECOACH,176,55500,18.4,19.3,18.741477272727273,0.21196075844324272,600.0,10
EXT_BOLZANO_IEQ_BOLZANO_HOMECOACH_295_BOLZANO_IEQ_2024,BOLZANO_IEQ,BOLZANO_HOMECOACH,602,191400,18.2,20.3,18.921760797342195,0.3864071956565744,600.0,37
EXT_BOLZANO_IEQ_BOLZANO_HOMECOACH_295_BOLZANO_IEQ_2025,BOLZANO_IEQ,BOLZANO_HOMECOACH,14,3900,18.5,18.7,18.585714285714285,0.07423074889580891,300.0,0
EXT_BOLZANO_IEQ_BOLZANO_HOMECOACH_296_BOLZANO_IEQ_2024,BOLZANO_IEQ,BOLZANO_HOMECOACH,113,34800,18.0,20.0,18.803539823008848,0.6421657497749622,600.0,4
EXT_BOLZANO_IEQ_BOLZANO_HOMECOACH_296_BOLZANO_IEQ_2025,BOLZANO_IEQ,BOLZANO_HOMECOACH,50,15600,18.4,18.6,18.53,0.0574456264653811,600.0,3
EXT_BOLZANO_IEQ_BOLZANO_HOMECOACH_297_BOLZANO_IEQ_2024,BOLZANO_IEQ,BOLZANO_HOMECOACH,748,233700,18.1,21.3,19.299465240641712,0.6689841709519745,600.0,32
EXT_BOLZANO_IEQ_BOLZANO_HOMECOACH_297_BOLZANO_IEQ_2025,BOLZANO_IEQ,BOLZANO_HOMECOACH,24,7500,18.4,18.5,18.412499999999998,0.03307189138830785,600.0,2
EXT_BOLZANO_IEQ_BOLZANO_HOMECOACH_298_BOLZANO_IEQ_2024,BOLZANO_IEQ,BOLZANO_HOMECOACH,245,75600,18.4,21.1,19.695918367346934,0.8332770770960046,600.0,8
EXT_BOLZANO_IEQ_BOLZANO_HOMECOACH_298_BOLZANO_IEQ_2025,BOLZANO_IEQ,BOLZANO_HOMECOACH,298,92400,18.2,20.9,19.338590604026844,0.6630370636934098,600.0,11
EXT_BOLZANO_IEQ_BOLZANO_HOMECOACH_299_BOLZANO_IEQ_2024,BOLZANO_IEQ,BOLZANO_HOMECOACH,283,87600,18.2,20.7,19.105300353356892,0.6745291499252016,600.0,10
EXT_BOLZANO_IEQ_BOLZANO_HOMECOACH_299_BOLZANO_IEQ_2025,BOLZANO_IEQ,BOLZANO_HOMECOACH,208,67500,18.9,22.6,20.298076923076923,0.851805861010636,600.0,18
EXT_BOLZANO_IEQ_BOLZANO_HOMECOACH_300_BOLZANO_IEQ_2024,BOLZANO_IEQ,BOLZANO_HOMECOACH,756,233400,17.4,20.2,18.1984126984127,0.594905727312332,600.0,23
EXT_BOLZANO_IEQ_BOLZANO_HOMECOACH_300_BOLZANO_IEQ_2025,BOLZANO_IEQ,BOLZANO_HOMECOACH,105,33600,19.4,20.3,19.712380952380954,0.20733926102163497,600.0,8
EXT_BOLZANO_IEQ_BOLZANO_HOMECOACH_301_BOLZANO_IEQ_2024,BOLZANO_IEQ,BOLZANO_HOMECOACH,62,18600,17.0,17.4,17.156451612903226,0.12523650882454274,600.0,1
EXT_BOLZANO_IEQ_BOLZANO_HOMECOACH_301_BOLZANO_IEQ_2025,BOLZANO_IEQ,BOLZANO_HOMECOACH,165,50100,19.5,21.3,20.24121212121212,0.6511516956609782,600.0,3
EXT_BOLZANO_IEQ_BOLZANO_HOMECOACH_302_BOLZANO_IEQ_2024,BOLZANO_IEQ,BOLZANO_HOMECOACH,826,255300,16.6,20.9,18.186198547215497,1.0294587445963905,600.0,26
EXT_BOLZANO_IEQ_BOLZANO_HOMECOACH_302_BOLZANO_IEQ_2025,BOLZANO_IEQ,BOLZANO_HOMECOACH,2,300,19.5,19.5,19.5,0.0,300.0,0
EXT_BOLZANO_IEQ_BOLZANO_HOMECOACH_303_BOLZANO_IEQ_2024,BOLZANO_IEQ,BOLZANO_HOMECOACH,34,10500,17.1,17.4,17.241176470588236,0.09737026680733385,600.0,2
EXT_BOLZANO_IEQ_BOLZANO_HOMECOACH_303_BOLZANO_IEQ_2025,BOLZANO_IEQ,BOLZANO_HOMECOACH,52,16500,19.2,19.5,19.32692307692308,0.07872880573253312,600.0,4
EXT_BOLZANO_IEQ_BOLZANO_HOMECOACH_304_BOLZANO_IEQ_2024,BOLZANO_IEQ,BOLZANO_HOMECOACH,1312,411600,16.9,20.9,18.11265243902439,0.7991182113972464,600.0,61
EXT_BOLZANO_IEQ_BOLZANO_HOMECOACH_304_BOLZANO_IEQ_2025,BOLZANO_IEQ,BOLZANO_HOMECOACH,681,212700,18.9,22.1,20.024816446402347,0.7857491744401224,600.0,29
EXT_BOLZANO_IEQ_BOLZANO_HOMECOACH_305_BOLZANO_IEQ_2024,BOLZANO_IEQ,BOLZANO_HOMECOACH,41,13200,17.3,17.6,17.441463414634146,0.07955856795268389,600.0,4
EXT_BOLZANO_IEQ_BOLZANO_HOMECOACH_305_BOLZANO_IEQ_2025,BOLZANO_IEQ,BOLZANO_HOMECOACH,118,36300,19.1,20.0,19.472881355932206,0.2748377077196687,600.0,4
EXT_BOLZANO_IEQ_BOLZANO_HOMECOACH_306_BOLZANO_IEQ_2024,BOLZANO_IEQ,BOLZANO_HOMECOACH,37,12000,16.5,17.3,17.229729729729737,0.13124119505058388,600.0,4
EXT_BOLZANO_IEQ_BOLZANO_HOMECOACH_306_BOLZANO_IEQ_2025,BOLZANO_IEQ,BOLZANO_HOMECOACH,233,74100,18.8,20.1,19.30729613733906,0.36202575351521066,600.0,15
EXT_BOLZANO_IEQ_BOLZANO_HOMECOACH_307_BOLZANO_IEQ_2024,BOLZANO_IEQ,BOLZANO_HOMECOACH,15,4200,16.2,20.3,19.053333333333335,1.2727223665129104,300.0,0
EXT_BOLZANO_IEQ_BOLZANO_HOMECOACH_307_BOLZANO_IEQ_2025,BOLZANO_IEQ,BOLZANO_HOMECOACH,67,22500,18.5,18.8,18.64776119402985,0.09675050072024968,600.0,9
EXT_BOLZANO_IEQ_BOLZANO_HOMECOACH_308_BOLZANO_IEQ_2024,BOLZANO_IEQ,BOLZANO_HOMECOACH,1011,312000,17.3,22.1,18.955390702274975,1.0253262348665617,600.0,30
EXT_BOLZANO_IEQ_BOLZANO_HOMECOACH_308_BOLZANO_IEQ_2025,BOLZANO_IEQ,BOLZANO_HOMECOACH,539,167400,18.4,20.9,19.457513914656772,0.6247776133416697,600.0,20
EXT_BOLZANO_IEQ_BOLZANO_HOMECOACH_309_BOLZANO_IEQ_2024,BOLZANO_IEQ,BOLZANO_HOMECOACH,25,7200,17.9,18.2,18.048,0.07547184905645361,300.0,0
EXT_BOLZANO_IEQ_BOLZANO_HOMECOACH_309_BOLZANO_IEQ_2025,BOLZANO_IEQ,BOLZANO_HOMECOACH,238,75600,18.6,21.3,19.47268907563026,0.5985714049764222,600.0,15
EXT_BOLZANO_IEQ_BOLZANO_HOMECOACH_310_BOLZANO_IEQ_2024,BOLZANO_IEQ,BOLZANO_HOMECOACH,308,95100,17.3,19.5,17.975974025974025,0.5256480471334598,600.0,10
EXT_BOLZANO_IEQ_BOLZANO_HOMECOACH_310_BOLZANO_IEQ_2025,BOLZANO_IEQ,BOLZANO_HOMECOACH,77,25200,18.5,19.5,18.89090909090909,0.34459907748435636,600.0,8
EXT_BOLZANO_IEQ_BOLZANO_HOMECOACH_311_BOLZANO_IEQ_2024,BOLZANO_IEQ,BOLZANO_HOMECOACH,201,63300,17.1,19.5,18.154228855721392,0.6435245976837743,600.0,11
EXT_BOLZANO_IEQ_BOLZANO_HOMECOACH_311_BOLZANO_IEQ_2025,BOLZANO_IEQ,BOLZANO_HOMECOACH,58,18900,19.3,20.0,19.70689655172414,0.17603102093931308,600.0,6
EXT_BOLZANO_IEQ_BOLZANO_HOMECOACH_312_BOLZANO_IEQ_2024,BOLZANO_IEQ,BOLZANO_HOMECOACH,2932,906600,16.9,21.4,18.261118690313776,0.9332802999343166,600.0,91
EXT_BOLZANO_IEQ_BOLZANO_HOMECOACH_312_BOLZANO_IEQ_2025,BOLZANO_IEQ,BOLZANO_HOMECOACH,81,25500,18.9,20.3,19.37283950617284,0.36885285824005065,600.0,5
EXT_BOLZANO_IEQ_BOLZANO_HOMECOACH_313_BOLZANO_IEQ_2024,BOLZANO_IEQ,BOLZANO_HOMECOACH,1027,317700,17.1,21.6,18.418403115871467,0.9387379816326369,600.0,33
EXT_BOLZANO_IEQ_BOLZANO_HOMECOACH_313_BOLZANO_IEQ_2025,BOLZANO_IEQ,BOLZANO_HOMECOACH,5,1200,18.9,18.9,18.9,0.0,300.0,0
EXT_BOLZANO_IEQ_BOLZANO_HOMECOACH_314_BOLZANO_IEQ_2024,BOLZANO_IEQ,BOLZANO_HOMECOACH,577,177900,16.9,20.8,18.311265164644716,0.9659872298851726,600.0,17
EXT_BOLZANO_IEQ_BOLZANO_HOMECOACH_314_BOLZANO_IEQ_2025,BOLZANO_IEQ,BOLZANO_HOMECOACH,29,9900,18.6,18.8,18.696551724137937,0.07183678157241233,600.0,5
EXT_BOLZANO_IEQ_BOLZANO_HOMECOACH_315_BOLZANO_IEQ_2024,BOLZANO_IEQ,BOLZANO_HOMECOACH,217,65700,17.0,20.8,18.397235023041475,0.988315004667442,600.0,3
EXT_BOLZANO_IEQ_BOLZANO_HOMECOACH_315_BOLZANO_IEQ_2025,BOLZANO_IEQ,BOLZANO_HOMECOACH,270,84300,18.4,19.9,19.077037037037037,0.4636315172779383,600.0,12
EXT_BOLZANO_IEQ_BOLZANO_HOMECOACH_316_BOLZANO_IEQ_2024,BOLZANO_IEQ,BOLZANO_HOMECOACH,1177,367500,16.5,21.1,18.32039082412914,1.1087627417621326,600.0,49
EXT_BOLZANO_IEQ_BOLZANO_HOMECOACH_316_BOLZANO_IEQ_2025,BOLZANO_IEQ,BOLZANO_HOMECOACH,5,1500,18.5,18.6,18.52,0.04000000000000057,600.0,1
EXT_BOLZANO_IEQ_BOLZANO_HOMECOACH_317_BOLZANO_IEQ_2024,BOLZANO_IEQ,BOLZANO_HOMECOACH,253,75900,17.2,21.5,19.127667984189728,1.1568430602506492,600.0,1
EXT_BOLZANO_IEQ_BOLZANO_HOMECOACH_317_BOLZANO_IEQ_2025,BOLZANO_IEQ,BOLZANO_HOMECOACH,12,3600,18.5,18.5,18.5,0.0,600.0,1
EXT_BOLZANO_IEQ_BOLZANO_HOMECOACH_318_BOLZANO_IEQ_2024,BOLZANO_IEQ,BOLZANO_HOMECOACH,314,96900,17.2,20.8,18.52611464968153,1.0038871264497962,600.0,10
EXT_BOLZANO_IEQ_BOLZANO_HOMECOACH_318_BOLZANO_IEQ_2025,BOLZANO_IEQ,BOLZANO_HOMECOACH,12,3600,18.4,18.5,18.408333333333335,0.02763853991962872,600.0,1
EXT_BOLZANO_IEQ_BOLZANO_HOMECOACH_319_BOLZANO_IEQ_2024,BOLZANO_IEQ,BOLZANO_HOMECOACH,227,70200,17.3,20.7,18.600440528634362,0.7929478707697694,600.0,8
EXT_BOLZANO_IEQ_BOLZANO_HOMECOACH_319_BOLZANO_IEQ_2025,BOLZANO_IEQ,BOLZANO_HOMECOACH,8,2100,18.4,18.4,18.4,0.0,300.0,0
EXT_BOLZANO_IEQ_BOLZANO_HOMECOACH_320_BOLZANO_IEQ_2024,BOLZANO_IEQ,BOLZANO_HOMECOACH,534,164700,17.3,21.5,18.704119850187265,1.0377075500441848,600.0,16
EXT_BOLZANO_IEQ_BOLZANO_HOMECOACH_320_BOLZANO_IEQ_2025,BOLZANO_IEQ,BOLZANO_HOMECOACH,805,249900,17.6,20.6,18.917515527950314,0.576973288137953,600.0,29
EXT_BOLZANO_IEQ_BOLZANO_HOMECOACH_321_BOLZANO_IEQ_2025,BOLZANO_IEQ,BOLZANO_HOMECOACH,820,256500,18.0,20.6,18.874878048780488,0.6349020356590439,600.0,36
EXT_BOLZANO_IEQ_BOLZANO_HOMECOACH_322_BOLZANO_IEQ_2025,BOLZANO_IEQ,BOLZANO_HOMECOACH,299,94200,17.8,20.4,18.78829431438127,0.7054708100841006,600.0,16
EXT_BOLZANO_IEQ_BOLZANO_HOMECOACH_323_BOLZANO_IEQ_2025,BOLZANO_IEQ,BOLZANO_HOMECOACH,84,25800,17.7,17.9,17.757142857142853,0.05624291338579914,600.0,3
EXT_BOLZANO_IEQ_BOLZANO_HOMECOACH_324_BOLZANO_IEQ_2025,BOLZANO_IEQ,BOLZANO_HOMECOACH,733,228900,16.3,18.7,17.0656207366985,0.4569213702164078,600.0,31
EXT_BOLZANO_IEQ_BOLZANO_HOMECOACH_325_BOLZANO_IEQ_2025,BOLZANO_IEQ,BOLZANO_HOMECOACH,41,13200,16.1,16.3,16.175609756097558,0.0616064923917803,600.0,4
EXT_BOLZANO_IEQ_BOLZANO_HOMECOACH_326_BOLZANO_IEQ_2025,BOLZANO_IEQ,BOLZANO_HOMECOACH,455,143100,16.0,18.8,17.358241758241757,0.6779519795736992,600.0,23
EXT_BOLZANO_IEQ_BOLZANO_HOMECOACH_327_BOLZANO_IEQ_2025,BOLZANO_IEQ,BOLZANO_HOMECOACH,173,54600,16.1,19.3,17.338150289017342,0.8306561515772308,600.0,10
EXT_BOLZANO_IEQ_BOLZANO_HOMECOACH_328_BOLZANO_IEQ_2025,BOLZANO_IEQ,BOLZANO_HOMECOACH,205,63600,16.0,19.4,16.957560975609756,0.7624760067806208,600.0,8
EXT_BOLZANO_IEQ_BOLZANO_HOMECOACH_329_BOLZANO_IEQ_2025,BOLZANO_IEQ,BOLZANO_HOMECOACH,705,217800,16.7,21.9,18.55886524822695,1.0243053984129178,600.0,22
EXT_BOLZANO_IEQ_BOLZANO_HOMECOACH_330_BOLZANO_IEQ_2025,BOLZANO_IEQ,BOLZANO_HOMECOACH,198,63600,17.4,21.6,18.72070707070707,1.1011130755292666,600.0,15
EXT_BOLZANO_IEQ_BOLZANO_HOMECOACH_331_BOLZANO_IEQ_2025,BOLZANO_IEQ,BOLZANO_HOMECOACH,150,48000,17.2,21.0,18.449333333333335,1.1501157429677338,600.0,11
EXT_BOLZANO_IEQ_BOLZANO_HOMECOACH_332_BOLZANO_IEQ_2025,BOLZANO_IEQ,BOLZANO_HOMECOACH,656,203400,17.0,21.1,18.41753048780488,0.9552872759323755,600.0,23
EXT_BOLZANO_IEQ_BOLZANO_HOMECOACH_333_BOLZANO_IEQ_2025,BOLZANO_IEQ,BOLZANO_HOMECOACH,352,109500,17.2,20.8,18.14346590909091,0.8617585277799381,600.0,14
EXT_BOLZANO_IEQ_BOLZANO_HOMECOACH_334_BOLZANO_IEQ_2025,BOLZANO_IEQ,BOLZANO_HOMECOACH,159,51900,16.9,20.3,18.091823899371068,1.0902061748035383,600.0,15
EXT_BOLZANO_IEQ_BOLZANO_HOMECOACH_335_BOLZANO_IEQ_2025,BOLZANO_IEQ,BOLZANO_HOMECOACH,438,135300,17.5,20.7,18.9013698630137,0.8454000945246904,600.0,14
EXT_BOLZANO_IEQ_BOLZANO_HOMECOACH_336_BOLZANO_IEQ_2025,BOLZANO_IEQ,BOLZANO_HOMECOACH,305,93000,18.0,22.0,19.457377049180327,0.8813289176650246,600.0,6
EXT_BOLZANO_IEQ_BOLZANO_HOMECOACH_337_BOLZANO_IEQ_2025,BOLZANO_IEQ,BOLZANO_HOMECOACH,490,155700,17.8,21.6,19.296530612244897,0.8954808331462367,600.0,30
EXT_BOLZANO_IEQ_BOLZANO_HOMECOACH_338_BOLZANO_IEQ_2025,BOLZANO_IEQ,BOLZANO_HOMECOACH,832,257700,18.0,22.0,19.445072115384615,0.9942139070020569,600.0,28
EXT_BOLZANO_IEQ_BOLZANO_HOMECOACH_339_BOLZANO_IEQ_2025,BOLZANO_IEQ,BOLZANO_HOMECOACH,1673,527700,17.1,21.8,18.883024506873877,1.050698653509787,600.0,87
EXT_BOLZANO_IEQ_BOLZANO_HOMECOACH_340_BOLZANO_IEQ_2025,BOLZANO_IEQ,BOLZANO_HOMECOACH,89,28500,17.2,19.8,18.344943820224717,1.0490242910133052,600.0,7
EXT_BOLZANO_IEQ_BOLZANO_HOMECOACH_341_BOLZANO_IEQ_2025,BOLZANO_IEQ,BOLZANO_HOMECOACH,981,304500,17.8,22.6,19.728236493374105,1.1618150976971513,600.0,35
EXT_BOLZANO_IEQ_BOLZANO_HOMECOACH_342_BOLZANO_IEQ_2025,BOLZANO_IEQ,BOLZANO_HOMECOACH,267,88800,17.9,20.6,19.058426966292135,0.5727538422107714,600.0,30
EXT_BOLZANO_IEQ_BOLZANO_HOMECOACH_343_BOLZANO_IEQ_2025,BOLZANO_IEQ,BOLZANO_HOMECOACH,258,78600,17.9,21.3,19.203488372093023,0.9742157658300977,600.0,5
EXT_BOLZANO_IEQ_BOLZANO_HOMECOACH_344_BOLZANO_IEQ_2025,BOLZANO_IEQ,BOLZANO_HOMECOACH,573,175800,17.8,21.4,19.05479930191972,0.9136919544592104,600.0,14
EXT_BOLZANO_IEQ_BOLZANO_HOMECOACH_345_BOLZANO_IEQ_2025,BOLZANO_IEQ,BOLZANO_HOMECOACH,263,86100,17.5,21.0,18.831178707224336,0.9000302795936375,600.0,25
EXT_BOLZANO_IEQ_BOLZANO_HOMECOACH_346_BOLZANO_IEQ_2025,BOLZANO_IEQ,BOLZANO_HOMECOACH,55,17400,17.5,18.2,17.84,0.198723197163565,600.0,4
EXT_BOLZANO_IEQ_BOLZANO_HOMECOACH_347_BOLZANO_IEQ_2025,BOLZANO_IEQ,BOLZANO_HOMECOACH,465,144300,17.2,21.9,18.823225806451614,1.0840874079848135,600.0,17
EXT_BOLZANO_IEQ_BOLZANO_HOMECOACH_348_BOLZANO_IEQ_2025,BOLZANO_IEQ,BOLZANO_HOMECOACH,696,217200,16.6,20.3,17.925718390804597,0.92099524566381,600.0,29
EXT_BOLZANO_IEQ_BOLZANO_HOMECOACH_349_BOLZANO_IEQ_2025,BOLZANO_IEQ,BOLZANO_HOMECOACH,156,49800,18.2,20.7,19.239102564102566,0.6886044711485203,600.0,11
EXT_INTEL_LAB_10_001_INTEL_LAB_data,INTEL_LAB,10,16,4500,17.593161809045228,22.57742797927461,19.525335464771633,1.5104217939400888,300.0,0
EXT_INTEL_LAB_11_001_INTEL_LAB_data,INTEL_LAB,11,16,4500,16.357955813953488,21.50036132596685,18.506721606271505,1.662000632168154,300.0,0
EXT_INTEL_LAB_12_001_INTEL_LAB_data,INTEL_LAB,12,15,4500,16.021359999999998,20.903528260869567,18.199048553190803,1.5623370822077332,600.0,1
EXT_INTEL_LAB_13_001_INTEL_LAB_data,INTEL_LAB,13,16,4500,16.34558409090909,21.247922727272726,18.574484562628214,1.5861734578803586,300.0,0
EXT_INTEL_LAB_14_001_INTEL_LAB_data,INTEL_LAB,14,16,4500,16.28848,22.243672727272727,19.206770336356847,2.001886970936755,300.0,0
EXT_INTEL_LAB_15_001_INTEL_LAB_data,INTEL_LAB,15,16,4500,16.03655,22.836179487179486,19.614231954637383,2.1590266385208783,300.0,0
EXT_INTEL_LAB_16_001_INTEL_LAB_data,INTEL_LAB,16,14,4500,16.34080677966102,23.09515891891892,19.995617773837044,2.073283378461809,600.0,2
EXT_INTEL_LAB_17_001_INTEL_LAB_data,INTEL_LAB,17,16,4500,16.257510891089108,23.55954252873563,19.91569041688945,2.329809313439688,300.0,0
EXT_INTEL_LAB_18_001_INTEL_LAB_data,INTEL_LAB,18,16,4500,16.554968093385213,23.16276434108527,19.749400289072994,2.0946986945132475,300.0,0
EXT_INTEL_LAB_19_001_INTEL_LAB_data,INTEL_LAB,19,16,4500,16.43069612403101,23.7454,19.917261844447964,2.304472578752085,300.0,0
EXT_INTEL_LAB_1_001_INTEL_LAB_data,INTEL_LAB,1,16,4500,17.665573410404622,24.589304,20.191486737945446,2.046232396991777,300.0,0
EXT_INTEL_LAB_20_001_INTEL_LAB_data,INTEL_LAB,20,16,4500,16.19638217821782,24.15166377952756,19.974826350798455,2.3762679519093233,300.0,0
EXT_INTEL_LAB_21_001_INTEL_LAB_data,INTEL_LAB,21,16,4500,16.284914666666666,24.2337992,20.191802981433927,2.4373660548453038,300.0,0
EXT_INTEL_LAB_22_001_INTEL_LAB_data,INTEL_LAB,22,16,4500,16.0096,24.76033433962264,20.24513381904855,2.714491022624131,300.0,0
EXT_INTEL_LAB_23_001_INTEL_LAB_data,INTEL_LAB,23,16,4500,16.31906222222222,25.511159375000002,20.490802860766586,2.6696619052728523,300.0,0
EXT_INTEL_LAB_24_001_INTEL_LAB_data,INTEL_LAB,24,15,4500,16.271842105263158,25.843832258064516,20.848850421646627,2.928503870198321,600.0,1
EXT_INTEL_LAB_25_001_INTEL_LAB_data,INTEL_LAB,25,15,4500,16.482462068965518,26.357323699421965,20.833835952872178,3.041388876096808,600.0,1
EXT_INTEL_LAB_26_001_INTEL_LAB_data,INTEL_LAB,26,15,4500,16.355866666666664,26.214798843930637,20.706112658781297,3.0375083706237422,600.0,1
EXT_INTEL_LAB_27_001_INTEL_LAB_data,INTEL_LAB,27,16,4500,16.16133103448276,26.61669306930693,20.651219222518378,3.0198666267271923,300.0,0
EXT_INTEL_LAB_28_001_INTEL_LAB_data,INTEL_LAB,28,15,4500,16.193595,27.53581346153846,20.633195527851033,3.397849146675349,600.0,1
EXT_INTEL_LAB_29_001_INTEL_LAB_data,INTEL_LAB,29,16,4500,16.295126315789474,26.334400000000002,20.34708540505149,2.9436204649735567,300.0,0
EXT_INTEL_LAB_2_001_INTEL_LAB_data,INTEL_LAB,2,16,4500,18.04586956521739,23.534479310344828,20.25503054895661,1.68797584717118,300.0,0
EXT_INTEL_LAB_30_001_INTEL_LAB_data,INTEL_LAB,30,16,4500,16.16627272727273,27.4432962962963,20.297368235396387,3.3846080636780043,300.0,0
EXT_INTEL_LAB_31_001_INTEL_LAB_data,INTEL_LAB,31,16,4500,16.839366,25.959926605504588,20.26112240080251,2.750280661072995,300.0,0
EXT_INTEL_LAB_32_001_INTEL_LAB_data,INTEL_LAB,32,16,4500,16.68197011494253,25.981775862068964,20.15376871114137,2.756727494350641,300.0,0
EXT_INTEL_LAB_33_001_INTEL_LAB_data,INTEL_LAB,33,16,4500,17.369270967741937,25.03,20.34444762860742,2.3255937477189597,300.0,0
EXT_INTEL_LAB_34_001_INTEL_LAB_data,INTEL_LAB,34,16,4500,16.789792805755393,26.427319565217392,20.221615542407857,2.7999068625904884,300.0,0
EXT_INTEL_LAB_35_001_INTEL_LAB_data,INTEL_LAB,35,16,4500,17.741970980392157,26.122290721649485,20.72161267762567,2.4549416448719037,300.0,0
EXT_INTEL_LAB_36_001_INTEL_LAB_data,INTEL_LAB,36,16,4500,17.151460655737704,26.97126105263158,20.588557904544118,2.9162020752435884,300.0,0
EXT_INTEL_LAB_37_001_INTEL_LAB_data,INTEL_LAB,37,16,4500,17.920434599156117,26.309584905660376,20.902840294935434,2.4414524056693123,300.0,0
EXT_INTEL_LAB_38_001_INTEL_LAB_data,INTEL_LAB,38,16,4500,16.964368325791856,25.58835569620253,20.318413427656253,2.6630139572832685,300.0,0
EXT_INTEL_LAB_39_001_INTEL_LAB_data,INTEL_LAB,39,16,4500,17.483531736526945,25.461396460176992,20.50391803492861,2.436965563978455,300.0,0
EXT_INTEL_LAB_3_001_INTEL_LAB_data,INTEL_LAB,3,16,4500,17.878867415730337,23.757493243243243,20.15408706430774,1.786179887242624,300.0,0
EXT_INTEL_LAB_40_001_INTEL_LAB_data,INTEL_LAB,40,16,4500,16.985804901960783,25.706725925925927,20.307379353718908,2.690549431817832,300.0,0
EXT_INTEL_LAB_41_001_INTEL_LAB_data,INTEL_LAB,41,16,4500,16.60257945945946,25.193130999999997,19.884988800444027,2.6066562380838594,300.0,0
EXT_INTEL_LAB_42_001_INTEL_LAB_data,INTEL_LAB,42,15,4500,16.306786503067485,25.205949253731344,19.67822383044306,2.6701720718817104,600.0,1
EXT_INTEL_LAB_43_001_INTEL_LAB_data,INTEL_LAB,43,16,4500,16.436125287356322,25.446537007874017,20.076065527715315,2.7236588432595448,300.0,0
EXT_INTEL_LAB_44_001_INTEL_LAB_data,INTEL_LAB,44,15,4500,16.29290909090909,25.755725925925926,19.481170957197868,2.671795851795629,600.0,1
EXT_INTEL_LAB_45_001_INTEL_LAB_data,INTEL_LAB,45,16,4500,16.30805128205128,24.44990610687023,19.23322274450382,2.408150435413498,300.0,0
EXT_INTEL_LAB_46_001_INTEL_LAB_data,INTEL_LAB,46,16,4500,16.524576991150443,23.83142323651452,19.09286612604439,2.188467090527278,300.0,0
EXT_INTEL_LAB_47_001_INTEL_LAB_data,INTEL_LAB,47,16,4500,16.240031249999998,25.21110276679842,19.27447337496617,2.5282276142223146,300.0,0
EXT_INTEL_LAB_48_001_INTEL_LAB_data,INTEL_LAB,48,16,4500,16.337821599999998,23.856747368421054,18.942918464947482,2.2089064053037135,300.0,0
EXT_INTEL_LAB_49_001_INTEL_LAB_data,INTEL_LAB,49,15,4500,16.287041379310345,24.313747239263805,18.97447475524373,2.401445677853321,600.0,1
EXT_INTEL_LAB_4_001_INTEL_LAB_data,INTEL_LAB,4,16,4500,18.31996172248804,23.646320000000003,20.38670645029911,1.6365170013357495,300.0,0
EXT_INTEL_LAB_50_001_INTEL_LAB_data,INTEL_LAB,50,14,4500,16.05566,23.96999217877095,18.647652203674685,2.4573264789731644,600.0,2
EXT_INTEL_LAB_51_001_INTEL_LAB_data,INTEL_LAB,51,16,4500,16.15947,23.662381188118815,18.852910655919757,2.2428118988110506,300.0,0
EXT_INTEL_LAB_52_001_INTEL_LAB_data,INTEL_LAB,52,16,4500,16.242785046728972,23.565322834645666,18.710415521626928,2.208266644576378,300.0,0
EXT_INTEL_LAB_53_001_INTEL_LAB_data,INTEL_LAB,53,1,0,16.0684,16.0684,16.0684,0.0,0.0,0
EXT_INTEL_LAB_53_002_INTEL_LAB_data,INTEL_LAB,53,13,3600,16.080054054054052,22.75459173553719,18.416268846654727,2.0240164505275664,300.0,0
EXT_INTEL_LAB_54_001_INTEL_LAB_data,INTEL_LAB,54,12,3600,16.138225,21.890825,18.327293085293174,1.779945678819593,600.0,1
EXT_INTEL_LAB_6_001_INTEL_LAB_data,INTEL_LAB,6,16,4500,17.867739393939395,23.029911666666667,19.870239704262932,1.536988736256455,300.0,0
EXT_INTEL_LAB_7_001_INTEL_LAB_data,INTEL_LAB,7,16,4500,17.99160158102767,22.86903893129771,19.878658801509054,1.4896720877476628,300.0,0
EXT_INTEL_LAB_8_001_INTEL_LAB_data,INTEL_LAB,8,16,4500,17.475309189189186,22.63115108695652,19.518484225562936,1.5799056777747427,300.0,0
EXT_INTEL_LAB_9_001_INTEL_LAB_data,INTEL_LAB,9,16,4500,17.657522330097088,22.804605181347153,19.656861759392598,1.5850972790731044,300.0,0
EXT_UCI_ROOM_OCCUPANCY_S1_Temp_001_UCI_ROOM_OCCUPANCY,UCI_ROOM_OCCUPANCY,S1_Temp,24,6900,24.94,25.809999999999995,25.43946412037037,0.25354925902881564,300.0,0
EXT_UCI_ROOM_OCCUPANCY_S1_Temp_002_UCI_ROOM_OCCUPANCY,UCI_ROOM_OCCUPANCY,S1_Temp,530,158700,25.018,26.362499999999997,25.577171436058702,0.4184484387236696,300.0,0
EXT_UCI_ROOM_OCCUPANCY_S1_Temp_003_UCI_ROOM_OCCUPANCY,UCI_ROOM_OCCUPANCY,S1_Temp,289,86400,25.00857142857143,25.46,25.303013030702473,0.1322237911335981,300.0,0
EXT_UCI_ROOM_OCCUPANCY_S1_Temp_004_UCI_ROOM_OCCUPANCY,UCI_ROOM_OCCUPANCY,S1_Temp,212,63300,25.06,25.976,25.35616679769392,0.26532666334909266,300.0,0
EXT_UCI_ROOM_OCCUPANCY_S2_Temp_001_UCI_ROOM_OCCUPANCY,UCI_ROOM_OCCUPANCY,S2_Temp,24,6900,24.75,28.926,26.319361111111107,1.4989540942938884,300.0,0
EXT_UCI_ROOM_OCCUPANCY_S2_Temp_002_UCI_ROOM_OCCUPANCY,UCI_ROOM_OCCUPANCY,S2_Temp,530,158700,25.006,28.246,25.698595545073374,0.6755449346858081,300.0,0
EXT_UCI_ROOM_OCCUPANCY_S2_Temp_003_UCI_ROOM_OCCUPANCY,UCI_ROOM_OCCUPANCY,S2_Temp,289,86400,25.0,25.476,25.31363894381282,0.1343718305403605,300.0,0
EXT_UCI_ROOM_OCCUPANCY_S2_Temp_004_UCI_ROOM_OCCUPANCY,UCI_ROOM_OCCUPANCY,S2_Temp,212,63300,25.041999999999998,26.421,25.41545217505241,0.3705154589511999,300.0,0
EXT_UCI_ROOM_OCCUPANCY_S3_Temp_001_UCI_ROOM_OCCUPANCY,UCI_ROOM_OCCUPANCY,S3_Temp,24,6900,24.554,25.38,24.93722916666667,0.2341176095929732,300.0,0
EXT_UCI_ROOM_OCCUPANCY_S3_Temp_002_UCI_ROOM_OCCUPANCY,UCI_ROOM_OCCUPANCY,S3_Temp,530,158700,24.44,26.145,25.14064240041929,0.5016020561341291,300.0,0
EXT_UCI_ROOM_OCCUPANCY_S3_Temp_003_UCI_ROOM_OCCUPANCY,UCI_ROOM_OCCUPANCY,S3_Temp,289,86400,24.54285714285714,25.428,24.97416022683583,0.25248146405548366,300.0,0
EXT_UCI_ROOM_OCCUPANCY_S3_Temp_004_UCI_ROOM_OCCUPANCY,UCI_ROOM_OCCUPANCY,S3_Temp,212,63300,24.529999999999998,25.880000000000003,24.974925052410903,0.3931427978415337,300.0,0
EXT_UCI_ROOM_OCCUPANCY_S4_Temp_001_UCI_ROOM_OCCUPANCY,UCI_ROOM_OCCUPANCY,S4_Temp,24,6900,25.38,26.088,25.8028287037037,0.20692616369460112,300.0,0
EXT_UCI_ROOM_OCCUPANCY_S4_Temp_002_UCI_ROOM_OCCUPANCY,UCI_ROOM_OCCUPANCY,S4_Temp,530,158700,25.19,26.47,25.85820183438155,0.3641387502662235,300.0,0
EXT_UCI_ROOM_OCCUPANCY_S4_Temp_003_UCI_ROOM_OCCUPANCY,UCI_ROOM_OCCUPANCY,S4_Temp,289,86400,25.018,26.190000000000005,25.789324106113032,0.27597456657940334,300.0,0
EXT_UCI_ROOM_OCCUPANCY_S4_Temp_004_UCI_ROOM_OCCUPANCY,UCI_ROOM_OCCUPANCY,S4_Temp,212,63300,25.081,25.973333333333333,25.44114465408805,0.25218769494869125,300.0,0
